Text,Sentiment,Timestamp,Platform,Hashtags,Country,Year,Month,Day,Hour
enjoying beautiful day park,positive,2023-01-15 12:30:00, Twitter  , #Nature #Park                            , USA      ,2023,1,15,12
traffic terrible morning,negative,2023-01-15 08:45:00, Twitter  , #Traffic #Morning                        , Canada   ,2023,1,15,8
finished amazing workout,positive,2023-01-15 15:45:00, Instagram , #Fitness #Workout                        , USA        ,2023,1,15,15
excited upcoming weekend getaway,positive,2023-01-15 18:20:00, Facebook , #Travel #Adventure                       , UK       ,2023,1,15,18
trying new recipe dinner tonight,neutral,2023-01-15 19:55:00, Instagram , #Cooking #Food                           , Australia ,2023,1,15,19
feeling grateful little thing life,positive,2023-01-16 09:10:00, Twitter  , #Gratitude #PositiveVibes              , India    ,2023,1,16,9
rainy day call cozy blanket hot cocoa,positive,2023-01-16 14:45:00, Facebook , #RainyDays #Cozy                         , Canada   ,2023,1,16,14
new movie release must watch,positive,2023-01-16 19:30:00, Instagram , #MovieNight #MustWatch                  , USA    ,2023,1,16,19
political discussion heating timeline,negative,2023-01-17 08:00:00, Twitter  , #Politics #Debate                       , USA      ,2023,1,17,8
missing summer vibe beach day,neutral,2023-01-17 12:20:00, Facebook , #Summer #BeachDays                      , Australia ,2023,1,17,12
published new blog post check,positive,2023-01-17 15:15:00, Instagram , #Blogging #NewPost                      ,USA,2023,1,17,15
feeling bit weather today,negative,2023-01-18 10:30:00, Twitter  , #SickDay #Health                        , Canada   ,2023,1,18,10
exploring city hidden gem,positive,2023-01-18 14:50:00, Facebook , #CityExplore #HiddenGems                , UK       ,2023,1,18,14
new year new fitness goal,positive,2023-01-18 18:00:00, Instagram , #NewYear #FitnessGoals                  , USA        ,2023,1,18,18
technology changing way live,neutral,2023-01-19 09:45:00, Twitter  , #Tech #Innovation                       , India    ,2023,1,19,9
reflecting past looking ahead,positive,2023-01-19 13:20:00, Facebook , #Reflection #Future                     , USA      ,2023,1,19,13
adopted cute furry friend,positive,2023-01-19 17:10:00, Instagram , #PetAdoption #FurryFriend               , Canada    ,2023,1,19,17
late night gaming session friend,positive,2023-01-20 00:05:00, Twitter  , #Gaming #LateNight                      , UK       ,2023,1,20,0
attending virtual conference ai,neutral,2023-01-20 11:30:00, Facebook , #AI #TechConference                     ,USA,2023,1,20,11
winter blue got feeling low,negative,2023-01-20 15:15:00, Instagram , #WinterBlues #Mood                      , USA       ,2023,1,20,15
sipping coffee enjoying good book,positive,2023-01-21 08:40:00, Twitter  , #Reading #CoffeeTime                    , India    ,2023,1,21,8
exploring world virtual reality,positive,2023-01-21 13:20:00, Facebook , #VR #VirtualReality                     ,USA,2023,1,21,13
productive day ticking list,positive,2023-01-21 16:45:00, Instagram , #Productivity #WorkFromHome           , USA ,2023,1,21,16
finished challenging workout routine,positive,2023-01-22 09:15:00, Twitter  , #Fitness #ChallengeAccepted             , UK       ,2023,1,22,9
celebrating milestone work,positive,2023-01-22 14:30:00, Facebook , #Career #Milestone                      , Canada  ,2023,1,22,14
sunday brunch friend,positive,2023-01-22 12:00:00, Instagram , #Brunch #Friends                       , UK ,2023,1,22,12
learning new language personal growth,positive,2023-01-23 16:20:00, Facebook , #LanguageLearning #PersonalGrowth       , India     ,2023,1,23,16
quiet evening good book,positive,2023-01-23 19:45:00, Instagram , #Reading #QuietTime                     , Australia ,2023,1,23,19
reflecting importance mental health,positive,2023-01-24 11:30:00, Twitter  , #MentalHealth #SelfCare                 , USA      ,2023,1,24,11
new painting progress,positive,2023-01-24 15:00:00, Facebook , #Art #PaintingInProgress             , Canada ,2023,1,24,15
weekend road trip explore scenic view,positive,2023-01-24 17:30:00, Instagram , #RoadTrip #ScenicViews                  , UK        ,2023,1,24,17
enjoying cup tea watching sunset,positive,2023-01-25 18:00:00, Twitter  , #TeaTime #Sunset                       , India    ,2023,1,25,18
coding new project enthusiasm,positive,2023-01-25 13:15:00, Facebook , #Coding #Enthusiasm                   , USA ,2023,1,25,13
feeling inspired attending workshop,positive,2023-01-26 09:45:00, Instagram , #Inspiration #Workshop                  ,USA,2023,1,26,9
winter sport day local park,positive,2023-01-26 14:20:00, Twitter  , #WinterSports #Fun                     , Canada   ,2023,1,26,14
quality time family weekend,positive,2023-01-26 17:40:00, Facebook , #FamilyTime #Weekend                    , UK        ,2023,1,26,17
attending live music concert tonight,positive,2023-01-27 20:00:00, Instagram , #Music #ConcertNight                  , USA ,2023,1,27,20
practicing mindfulness meditation,positive,2023-01-27 12:30:00, Twitter  , #Mindfulness #Meditation               , India    ,2023,1,27,12
trying new dessert recipe,positive,2023-01-27 16:10:00, Facebook , #Dessert #Cooking                      , Canada ,2023,1,27,16
excited upcoming gaming tournament,positive,2023-01-28 09:00:00, Instagram , #Gaming #Tournament                     ,USA,2023,1,28,9
planning garden makeover spring,positive,2023-01-28 14:45:00, Twitter  , #Gardening #Spring                     , USA      ,2023,1,28,14
celebrating friend birthday tonight,positive,2023-01-28 19:30:00, Facebook , #Birthday #Celebration                  , UK ,2023,1,28,19
feeling accomplished productive day,positive,2023-01-29 17:00:00, Instagram , #Accomplished #Success               , India ,2023,1,29,17
cozy evening good movie,positive,2023-01-29 20:20:00, Twitter  , #CozyNight #MovieTime                   , Canada   ,2023,1,29,20
exploring local art gallery weekend,positive,2023-01-30 11:30:00, Facebook , #Art #GalleryExplore                    , USA      ,2023,1,30,11
new book release favorite author,positive,2023-01-30 15:45:00, Instagram , #BookRelease #FavoriteAuthor           , UK   ,2023,1,30,15
attending virtual reality meetup,positive,2023-01-30 18:30:00, Twitter  , #VRMeetup #VirtualReality               , India    ,2023,1,30,18
reflecting beauty nature,positive,2023-01-31 10:45:00, Facebook , #Nature #Reflection                     , Australia ,2023,1,31,10
cooking special dinner loved one,positive,2023-01-31 19:00:00, Instagram , #Cooking #SpecialDinner                , USA       ,2023,1,31,19
feeling optimistic week ahead,positive,2023-01-31 16:20:00, Twitter  , #Optimism #NewWeek                     , Canada   ,2023,1,31,16
starting new fitness challenge tomorrow,positive,2023-02-01 08:00:00, Facebook , #FitnessChallenge #NewBeginnings       , UK         ,2023,2,1,8
sunday bike ride scenic trail,positive,2023-02-01 13:30:00, Instagram , #BikeRide #ScenicTrails                , USA     ,2023,2,1,13
not believe injustice happening society,negative,2023-02-11 09:30:00, Twitter  , #Injustice #Angry                            , Canada     ,2023,2,11,9
feeling sense fear watching thriller movie,negative,2023-02-11 21:15:00, Instagram , #Fear #ThrillerMovie                         , USA          ,2023,2,11,21
heartbroken hearing news natural disaster,negative,2023-02-12 14:45:00, Facebook , #Sadness #NaturalDisaster                    , India      ,2023,2,12,14
state world environment disgusting,negative,2023-02-12 18:20:00, Twitter  , #Disgust #Environment                        , UK         ,2023,2,12,18
pure happiness celebrating loved one achievement,positive,2023-02-13 10:00:00, Instagram , #Happiness #Celebration                   , USA ,2023,2,13,10
laughter best medicine enjoying comedy show,positive,2023-02-13 19:30:00, Facebook , #Joy #ComedyShow                             , Canada    ,2023,2,13,19
sharing love positive vibe everyone,positive,2023-02-14 08:30:00, Twitter  , #Love #SpreadLove                            , Australia  ,2023,2,14,8
amusing incident brightened day,positive,2023-02-14 14:20:00, Instagram , #Amusement #FunTimes                         , UK           ,2023,2,14,14
enjoying quiet evening book tea,neutral,2023-02-14 19:45:00, Facebook , #Enjoyment #BookTime                         , Canada       ,2023,2,14,19
admiring beauty nature peaceful hike,positive,2023-02-15 11:30:00, Twitter  , #Admiration #Nature                         , USA       ,2023,2,15,11
sending affectionate vibe follower,neutral,2023-02-15 16:00:00, Instagram , #Affection #PositiveVibes                   ,USA,2023,2,15,16
experiencing awe breathtaking sunset,neutral,2023-02-15 20:30:00, Facebook , #Awe #Breathtaking                          , Australia   ,2023,2,15,20
disappointed service local restaurant,neutral,2023-02-16 09:00:00, Twitter  , #Disappointed #BadService                   , India      ,2023,2,16,9
surprise gift friend made day,neutral,2023-02-16 14:45:00, Instagram , #Surprise #Gift                              , USA          ,2023,2,16,14
finding acceptance midst life challenge,positive,2023-02-16 18:20:00, Facebook , #Acceptance #Challenges                     , Canada     ,2023,2,16,18
overflowing adoration adorable pet,neutral,2023-02-17 10:45:00, Twitter  , #Adoration #PetLove                         , UK        ,2023,2,17,10
anticipating thrilling adventure coming week,neutral,2023-02-17 07:30:00, Instagram , #Anticipation #Adventure                    ,USA,2023,2,17,7
bitter experience turned valuable lesson,neutral,2023-02-17 15:00:00, Facebook , #BitterLesson #Growth                      , USA       ,2023,2,17,15
finding calmness midst busy day,neutral,2023-02-18 09:30:00, Twitter  , #Calmness #PeacefulMind                    , India     ,2023,2,18,9
confusion cloud mind navigate decision,neutral,2023-02-18 14:20:00, Instagram , #Confusion #DecisionMaking                 , UK   ,2023,2,18,14
excitement building upcoming vacation,positive,2023-02-18 18:45:00, Facebook , #Excitement #TravelPlans                   , Canada    ,2023,2,18,18
kindness witnessed today restored faith humanity,neutral,2023-02-19 11:30:00, Twitter  , #Kindness #Humanity                        , USA       ,2023,2,19,11
pride achieving personal milestone,positive,2023-02-19 16:00:00, Instagram , #Pride #Milestone                           , Australia    ,2023,2,19,16
moment shame not standing injustice,negative,2023-02-19 19:45:00, Facebook , #Shame #Injustice                           , India      ,2023,2,19,19
fuming anger heated argument,negative,2023-02-20 09:30:00, Twitter  , #Anger #Argument                             , Canada     ,2023,2,20,9
fear unknown keeping night,negative,2023-02-20 21:15:00, Instagram , #Fear #Unknown                               , USA          ,2023,2,20,21
heartfelt sadness bidding farewell dear friend,negative,2023-02-21 14:45:00, Facebook , #Sadness #Farewell                          , India      ,2023,2,21,14
state corruption society utterly disgusting,negative,2023-02-21 18:20:00, Twitter  , #Disgust #Corruption                         , UK         ,2023,2,21,18
overflowing happiness welcoming new family member,positive,2023-02-22 10:00:00, Instagram , #Happiness #NewFamilyMember                 , UK           ,2023,2,22,10
laughter key joy attending stand comedy show,positive,2023-02-22 19:30:00, Facebook , #Joy #StandUpComedy                         , Canada    ,2023,2,22,19
sending love follower beautiful day,positive,2023-02-23 08:30:00, Twitter  , #Love #SpreadLove                            , Australia  ,2023,2,23,8
amused antic pet pure amusement,positive,2023-02-23 14:20:00, Instagram , #Amusement #PetAntics                       , UK           ,2023,2,23,14
enjoying every moment trip pure enjoyment,neutral,2023-02-23 19:45:00, Facebook , #Enjoyment #Travel                           , USA ,2023,2,23,19
admiring dedication volunteer local charity,positive,2023-02-24 11:30:00, Twitter  , #Admiration #Volunteers                     , USA        ,2023,2,24,11
sending affectionate vibe friend family,neutral,2023-02-24 16:00:00, Instagram , #Affection #FamilyLove                      ,USA,2023,2,24,16
awe struck beauty night sky,neutral,2023-02-24 20:30:00, Facebook , #Awe #StarryNight                        , Australia ,2023,2,24,20
disappointed lack progress personal project,neutral,2023-02-25 09:00:00, Twitter  , #Disappointed #Project                     , India      ,2023,2,25,9
surprise visit old friend brought tear joy,neutral,2023-02-25 14:45:00, Instagram , #Surprise #OldFriends                       , USA          ,2023,2,25,14
embracing acceptance life ups down,positive,2023-02-25 18:20:00, Facebook , #Acceptance #LifeJourney                   , Canada     ,2023,2,25,18
overflowing adoration cute rescue puppy,neutral,2023-02-26 10:45:00, Twitter  , #Adoration #PuppyLove                       , UK         ,2023,2,26,10
anticipating release much awaited movie,neutral,2023-02-26 07:30:00, Instagram , #Anticipation #MovieRelease                 , Australia    ,2023,2,26,7
bitter experience customer service department,neutral,2023-02-26 15:00:00, Facebook , #BitterExperience #CustomerService         , USA       ,2023,2,26,15
finding calmness amidst chaos daily life,neutral,2023-02-27 09:30:00, Twitter  , #Calmness #InnerPeace                      , India     ,2023,2,27,9
confusion reign try make sense recent event,neutral,2023-02-27 14:20:00, Instagram , #Confusion #MakingSense                    , UK   ,2023,2,27,14
excitement building surprise birthday party,positive,2023-02-27 18:45:00, Facebook , #Excitement #SurpriseParty                 , Canada ,2023,2,27,18
witnessed act kindness made day,neutral,2023-02-28 11:30:00, Twitter  , #Kindness #ActsOfKindness                  , USA       ,2023,2,28,11
pride completing challenging fitness challenge,positive,2023-02-28 16:00:00, Instagram , #Pride #FitnessChallengeCompleted          , UK            ,2023,2,28,16
moment shame not speaking injustice,negative,2023-02-28 19:45:00, Facebook , #Shame #Injustice                           , India     ,2023,2,28,19
reflecting beauty diversity world,positive,2023-03-01 10:45:00, Twitter  , #Acceptance #Diversity                      , Australia ,2023,3,1,10
excitement quiet evening good book,positive,2023-03-01 13:30:00, Instagram , #Excitement #BookTime                       , USA          ,2023,3,1,13
feeling bitter unfairness workplace,neutral,2023-03-01 17:45:00, Twitter  , #Bitter #Unfairness                         , Canada    ,2023,3,1,17
calmness prevails practice mindfulness,neutral,2023-03-02 18:00:00, Facebook , #Calmness #Mindfulness                      , UK        ,2023,3,2,18
confusion surround navigate life choice,neutral,2023-03-02 13:15:00, Instagram , #Confusion #LifeChoices                     , USA   ,2023,3,2,13
excitement weekend road trip explore new place,positive,2023-03-02 16:45:00, Twitter  , #Excitement #WeekendAdventure               , India     ,2023,3,2,16
kindness witnessed today restores faith humanity,neutral,2023-03-03 11:30:00, Facebook , #Kindness #HumanityRestored                 , USA       ,2023,3,3,11
pride accomplishing personal professional goal,positive,2023-03-03 14:30:00, Instagram , #Pride #Accomplishments                     , Canada ,2023,3,3,14
shame not true value difficult situation,negative,2023-03-03 12:00:00, Twitter  , #Shame #Integrity                           , UK        ,2023,3,3,12
revisiting old memory feeling sense elation,neutral,2010-05-15 15:30:00, Twitter  , #Elation #Memories                             , Canada    ,2010,5,15,15
victory team brought euphoria city,positive,2021-08-10 21:15:00, Instagram , #Euphoria #Victory                             , USA      ,2021,8,10,21
embracing beauty nature moment contentment,positive,2011-06-20 14:45:00, Facebook , #Contentment #Nature                           , India       ,2011,6,20,14
meditating serene lake finding inner peace,positive,2022-02-12 18:20:00, Twitter  , #Serenity #Meditation                          , UK          ,2022,2,12,18
overflowing gratitude life blessing,positive,2012-11-25 10:00:00, Instagram , #Gratitude #Blessed                            , Australia   ,2012,11,25,10
hopeful brighter tomorrow despite challenge,positive,2013-04-05 19:30:00, Facebook , #Hope #Optimism                                , USA      ,2013,4,5,19
empowered make difference community,neutral,2014-09-14 08:30:00, Twitter  , #Empowerment #Community                        , UK       ,2014,9,14,8
compassion action supporting local charity event,neutral,2015-07-18 14:20:00, Instagram , #Compassion #CharityEvent                   , Canada ,2015,7,18,14
moment tenderness connecting loved one,neutral,2016-02-23 19:45:00, Facebook , #Tenderness #FamilyTime                       , UK          ,2016,2,23,19
arousal excitement await special announcement,neutral,2017-10-30 11:30:00, Twitter  , #Arousal #Excitement                           , Australia ,2017,10,30,11
enthusiastically diving new project,positive,2018-06-15 16:00:00, Instagram , #Enthusiasm #NewProject                       , USA  ,2018,6,15,16
feeling sense fulfillment reaching milestone,neutral,2019-03-28 18:20:00, Facebook , #Fulfillment #Milestone                       , India     ,2019,3,28,18
reverence beauty historic landmark,neutral,2019-11-11 15:00:00, Twitter  , #Reverence #History                           , UK      ,2019,11,11,15
elation surprise reunion old friend,neutral,2020-04-02 09:30:00, Instagram , #Elation #OldFriends                          , Canada      ,2020,4,2,9
euphoria live music concert star,positive,2021-06-19 14:45:00, Facebook , #Euphoria #LiveMusic                          , USA ,2021,6,19,14
contentment simplicity quiet sunday,positive,2010-08-15 10:00:00, Twitter  , #Contentment #SundayMood                      , Australia ,2010,8,15,10
serenity found page favorite book,positive,2011-09-22 19:30:00, Instagram , #Serenity #BookTime                           , UK          ,2011,9,22,19
gratitude support received tough time,positive,2012-03-10 08:30:00, Facebook , #Gratitude #Supportive                        , India     ,2012,3,10,8
hopeful possibility new journey,positive,2013-12-05 16:00:00, Twitter  , #Hope #NewBeginnings                          , Canada    ,2013,12,5,16
empowerment learning personal growth,neutral,2014-07-20 11:30:00, Instagram , #Empowerment #PersonalGrowth                  ,USA,2014,7,20,11
compassion towards need holiday,neutral,2015-12-22 14:20:00, Facebook , #Compassion #HolidaySupport                   , USA      ,2015,12,22,14
tenderness warmth cozy winter evening,neutral,2016-02-10 19:45:00, Twitter  , #Tenderness #CozyEvening                     , UK       ,2016,2,10,19
arousal excitement upcoming adventure,neutral,2017-04-30 11:30:00, Instagram , #Arousal #AdventureTime                       , Australia ,2017,4,30,11
enthusiasm creative project making,positive,2018-09-15 16:00:00, Facebook , #Enthusiasm #Creativity                       , Canada    ,2018,9,15,16
fulfillment completing challenging workout routine,neutral,2019-06-28 18:20:00, Twitter  , #Fulfillment #FitnessGoals                   , India     ,2019,6,28,18
reverence artistry displayed museum,neutral,2020-11-11 15:00:00, Instagram , #Reverence #ArtAppreciation                  , UK        ,2020,11,11,15
elation achieving personal goal,neutral,2021-03-02 09:30:00, Facebook , #Elation #PersonalAchievement                , USA      ,2021,3,2,9
elation discovering hidden gem city,neutral,2012-02-18 14:30:00, Twitter  , #Elation #HiddenGem                            , USA      ,2012,2,18,14
euphoria surprise birthday celebration,positive,2018-11-05 21:45:00, Instagram , #Euphoria #BirthdaySurprise                   , UK   ,2018,11,5,21
contentment simplicity home cooked meal,positive,2015-09-12 13:20:00, Facebook , #Contentment #HomeCooking                     , India    ,2015,9,12,13
serenity found melody peaceful piano,positive,2016-07-30 18:10:00, Twitter  , #Serenity #PeacefulMelody                    , Canada      ,2016,7,30,18
gratitude supportive community around,positive,2013-04-20 10:30:00, Instagram , #Gratitude #CommunitySupport                   , USA ,2013,4,20,10
hopeful prospect new business venture,positive,2017-12-08 19:15:00, Facebook , #Hope #BusinessVenture                        , Canada    ,2017,12,8,19
empowerment mentoring guiding others,neutral,2014-06-03 08:20:00, Twitter  , #Empowerment #Mentorship                      , UK       ,2014,6,3,8
compassion shown act kindness community,neutral,2019-01-15 14:50:00, Instagram , #Compassion #CommunityKindness               , Australia ,2019,1,15,14
tenderness heartfelt message loved one,neutral,2016-12-25 19:30:00, Facebook , #Tenderness #LoveNote                         , UK          ,2016,12,25,19
arousal excitement much awaited trip,neutral,2018-03-10 09:45:00, Twitter  , #Arousal #TravelAdventure                     , India    ,2018,3,10,9
enthusiasm new artistic project work,positive,2020-09-17 16:30:00, Instagram , #Enthusiasm #ArtisticProject                 , USA       ,2020,9,17,16
feeling sense fulfillment helping others,neutral,2011-08-28 18:45:00, Facebook , #Fulfillment #HelpingOthers                  , Canada    ,2011,8,28,18
reverence historical significance landmark,neutral,2017-11-01 15:30:00, Twitter  , #Reverence #HistoricalSite                   , Australia ,2017,11,1,15
elation achieving fitness milestone,neutral,2019-06-15 10:00:00, Instagram , #Elation #FitnessMilestone                   , UK           ,2019,6,15,10
euphoria successful product launch,positive,2022-04-03 11:45:00, Facebook , #Euphoria #ProductLaunchSuccess              , USA       ,2022,4,3,11
contentment embrace loved one,positive,2010-11-12 20:20:00, Twitter  , #Contentment #Love                             , India    ,2010,11,12,20
serenity found beauty sunset sea,positive,2011-07-22 18:30:00, Instagram , #Serenity #SunsetViews                       , Canada     ,2011,7,22,18
gratitude small joy day brings,positive,2012-03-30 11:20:00, Facebook , #Gratitude #SmallJoys                        , Australia   ,2012,3,30,11
hopeful potential personal growth,positive,2013-10-05 16:40:00, Twitter  , #Hope #PersonalDevelopment                    , UK       ,2013,10,5,16
empowerment learning new skill,neutral,2014-07-10 13:15:00, Instagram , #Empowerment #SkillBuilding                   , India   ,2014,7,10,13
compassion volunteering local charity,neutral,2015-12-18 14:20:00, Facebook , #Compassion #VolunteerWork                   , USA      ,2015,12,18,14
tenderness quiet moment shared pet,neutral,2016-02-10 19:45:00, Twitter  , #Tenderness #PetLove                          , Canada   ,2016,2,10,19
arousal excitement upcoming festival,neutral,2017-09-25 11:30:00, Instagram , #Arousal #FestivalExcitement               , UK ,2017,9,25,11
enthusiasm diy home improvement project,positive,2018-04-15 16:00:00, Facebook , #Enthusiasm #HomeImprovement                 , Australia   ,2018,4,15,16
fulfillment completing challenging puzzle,neutral,2019-11-28 18:20:00, Twitter  , #Fulfillment #PuzzleChallenge                , India    ,2019,11,28,18
reverence wonder nature hiking trail,neutral,2020-05-11 15:00:00, Instagram , #Reverence #NatureExploration                , USA        ,2020,5,11,15
elation surprise reunion childhood friend,neutral,2021-02-05 09:30:00, Facebook , #Elation #FriendshipReunion                  , Canada      ,2021,2,5,9
suffering despair another setback,negative,2021-03-10 08:30:00, Twitter  , #Despair #Struggle                              , USA          ,2021,3,10,8
overwhelmed grief missing loved one dearly,negative,2022-07-05 15:45:00, Instagram , #Grief #Loss                                   , Canada          ,2022,7,5,15
loneliness creep night grows colder,negative,2019-11-18 21:20:00, Facebook , #Loneliness #Isolation                         , UK           ,2019,11,18,21
jealousy consumes witness others success,negative,2020-08-12 11:30:00, Twitter  , #Jealousy #Envy                               , India        ,2020,8,12,11
resentment building past betrayal,neutral,2018-05-22 14:45:00, Instagram , #Resentment #Bitterness                       , Australia     ,2018,5,22,14
frustration mount obstacle block path,negative,2017-01-30 16:10:00, Facebook , #Frustration #Obstacles                       , USA          ,2017,1,30,16
boredom set day feel endlessly dull,negative,2016-09-28 19:45:00, Twitter  , #Boredom #LackOfInterest                     , Canada        ,2016,9,28,19
anxiety grip heart worry cloud thought,negative,2019-04-15 09:00:00, Instagram , #Anxiety #Worry                               , UK           ,2019,4,15,9
intimidation unknown future ahead,neutral,2021-12-03 18:30:00, Facebook , #Intimidation #Fear                           , India        ,2021,12,3,18
helplessness sink challenge pile,neutral,2020-06-20 14:20:00, Twitter  , #Helplessness #Overwhelmed                    , Australia    ,2020,6,20,14
envy eats away see others prosperity,neutral,2018-11-07 11:30:00, Instagram , #Envy #Desire                                , Canada        ,2018,11,7,11
regret missed opportunity haunt thought,negative,2017-08-25 16:00:00, Facebook , #Regret #MissedChances                       , UK           ,2017,8,25,16
disgust sight injustice cruelty,negative,2019-02-11 09:45:00, Twitter  , #Disgust #Injustice                          , India        ,2019,2,11,9
drowning despair hope slipping finger,negative,2016-04-02 20:20:00, Instagram , #Despair #Hopeless                           , USA          ,2016,4,2,20
grief weighs heavy tear constant companion,negative,2015-10-18 15:30:00, Facebook , #Grief #Tears                                , Canada        ,2015,10,18,15
loneliness crowded room silent cry connection,negative,2019-07-12 18:10:00, Twitter  , #Loneliness #SeekingConnection              , UK            ,2019,7,12,18
jealousy gnaws confidence toxic emotion,negative,2018-06-03 16:30:00, Instagram , #Jealousy #Insecurity                       , India         ,2018,6,3,16
resentment fester poisoning relationship,neutral,2022-01-15 12:00:00, Facebook , #Resentment #BrokenTrust                     , Australia    ,2022,1,15,12
frustration boil volcanic eruption emotion,negative,2017-04-10 14:45:00, Twitter  , #Frustration #EmotionalOutburst             , USA          ,2017,4,10,14
boredom settle like dust life feel mundane,negative,2016-11-28 19:00:00, Instagram , #Boredom #Monotony                          , Canada        ,2016,11,28,19
anxiety grip chest relentless grip thought,negative,2018-09-05 09:30:00, Facebook , #Anxiety #Restlessness                      , UK            ,2018,9,5,9
intimidation challenge ahead fear take hold,neutral,2021-10-22 18:30:00, Twitter  , #Intimidation #FacingFear                   , India         ,2021,10,22,18
helplessness engulfs drowning sea problem,neutral,2019-05-08 14:20:00, Instagram , #Helplessness #Struggling                   , Australia    ,2019,5,8,14
envy poison thought coveting others success,neutral,2017-03-20 11:30:00, Facebook , #Envy #Success                              , Canada        ,2017,3,20,11
regret decision led painful present,negative,2018-12-15 16:00:00, Twitter  , #Regret #PastChoices                        , USA          ,2018,12,15,16
disgust corruption stain society,negative,2016-07-01 09:45:00, Instagram , #Disgust #Corruption                        , UK            ,2016,7,1,9
sinking despair day darker last,negative,2020-08-20 20:20:00, Facebook , #Despair #DarkDays                          , India         ,2020,8,20,20
grief overwhelms storm emotion within,negative,2021-02-25 15:30:00, Twitter  , #Grief #EmotionalStorm                      , Canada        ,2021,2,25,15
loneliness echo empty space yearning connection,negative,2019-09-12 18:10:00, Instagram , #Loneliness #YearningForConnection         , Australia     ,2019,9,12,18
jealousy poison thought resentment brewing within,negative,2018-08-05 16:30:00, Facebook , #Jealousy #Resentment                       , USA           ,2018,8,5,16
resentment fester wound refuse heal,neutral,2017-01-12 12:00:00, Twitter  , #Resentment #Unforgiving                    , India         ,2017,1,12,12
frustration escalates thunderstorm emotion,negative,2022-04-05 14:45:00, Instagram , #Frustration #EmotionalOutburst            , UK            ,2022,4,5,14
boredom lingers stagnant pool indifference,negative,2021-10-02 19:00:00, Facebook , #Boredom #Stagnation                        , Canada        ,2021,10,2,19
embarking journey discovery fueled curiosity thirst knowledge,neutral,2023-04-15 10:15:00, Twitter  , #Curiosity #Learning                        , USA          ,2023,4,15,10
lost vast sea information indifferent wave digital ocean,neutral,2022-11-28 17:30:00, Instagram , #Indifference #DigitalOverload              , Canada          ,2022,11,28,17
complex puzzle life leaf state perpetual confusion seeking answer chaos,neutral,2020-04-02 09:45:00, Facebook , #Confusion #LifePuzzle                     , UK           ,2020,4,2,9
numbness settle shield overwhelming emotion life throw way,negative,2021-08-10 14:00:00, Twitter  , #Numbness #EmotionalShield                 , India        ,2021,8,10,14
gazing sunset melancholic longing moment slip finger time,negative,2019-06-18 20:45:00, Instagram , #Melancholy #SunsetMoments                 , Australia     ,2019,6,18,20
revisiting old photograph caught embrace nostalgia bittersweet symphony,neutral,2018-02-05 15:15:00, Facebook , #Nostalgia #MemoryLane                     , USA          ,2018,2,5,15
torn conflicting emotion ambivalence paint decision shade uncertainty,neutral,2022-05-30 11:30:00, Twitter  , #Ambivalence #UncertainChoices             , Canada        ,2022,5,30,11
embracing ebb flow life finding acceptance dance existence,positive,2023-01-10 16:20:00, Instagram , #Acceptance #LifeJourney                   , UK           ,2023,1,10,16
facing challenge head determination fuel fire within achieve impossible,positive,2020-09-18 13:45:00, Facebook , #Determination #AchieveTheImpossible       , India        ,2020,9,18,13
serenity found stillness nature tranquil retreat chaos modern world,positive,2021-07-03 19:00:00, Twitter  , #Serenity #NatureRetreat                   , Australia    ,2021,7,3,19
curiosity leading rabbit hole knowledge perpetual student life classroom,neutral,2022-10-08 08:15:00, Instagram , #Curiosity #KnowledgeQuest                , USA          ,2022,10,8,8
floating day air indifference detached mundane happening around,neutral,2023-03-22 16:30:00, Facebook , #Indifference #FloatingThroughLife        , Canada        ,2023,3,22,16
entangled web thought confusion reigning navigate labyrinth idea,neutral,2021-05-15 11:45:00, Twitter  , #Confusion #ThoughtLabyrinth              , UK            ,2021,5,15,11
numb chaos emotion locked away stoic facade concealing inner turmoil,negative,2019-12-28 14:30:00, Instagram , #Numbness #StoicFacade                    , Australia     ,2019,12,28,14
melancholy whisper breeze silent conversation echo forgotten dream,negative,2020-03-01 19:00:00, Facebook , #Melancholy #WhispersInTheBreeze         , India         ,2020,3,1,19
stumbling upon old journal nostalgia flooding wave carrying moment long gone,neutral,2018-07-10 15:45:00, Twitter  , #Nostalgia #JournalMoments               , Canada        ,2018,7,10,15
tapestry conflicting feeling weaving uncertainty caught thread ambivalence,neutral,2022-01-05 10:30:00, Instagram , #Ambivalence #ConflictingFeelings        , UK            ,2022,1,5,10
embracing flaw finding acceptance imperfection journey towards self love,positive,2021-08-20 16:20:00, Facebook , #Acceptance #SelfLoveJourney              , Australia    ,2021,8,20,16
determination burning like wildfire overcoming obstacle turning dream reality,positive,2019-11-03 13:45:00, Twitter  , #Determination #DreamsIntoReality        , USA          ,2019,11,3,13
tranquil moment ocean serenity washing peaceful retreat within wave embrace,positive,2020-04-12 19:30:00, Instagram , #Serenity #OceanRetreat                   , Canada        ,2020,4,12,19
exploring new horizon spark curiosity adventurer vast landscape knowledge,neutral,2022-04-15 08:45:00, Facebook , #Curiosity #NewHorizons                  , India         ,2022,4,15,8
drifting day nonchalant demeanor embracing art indifference,neutral,2023-02-10 17:00:00, Twitter  , #Indifference #DriftingThroughLife       , UK            ,2023,2,10,17
wrestling thought perplexed mind lost labyrinth life complexity,neutral,2020-08-05 12:15:00, Instagram , #Confusion #PerplexedMind                , Australia    ,2020,8,5,12
immersed state emotional numbness shield storm daily struggle,negative,2021-12-01 15:30:00, Facebook , #Numbness #EmotionalShield               , USA          ,2021,12,1,15
melancholic symphony playing background soundtrack wistful heart,negative,2019-03-25 21:00:00, Twitter  , #Melancholy #WistfulHeart                , Canada        ,2019,3,25,21
flipping page old yearbook nostalgia painting smile tear face,neutral,2017-06-18 14:45:00, Instagram , #Nostalgia #YearbookMemories            , India         ,2017,6,18,14
torn opposing emotion ambivalence color decision shade uncertainty,neutral,2022-07-08 11:30:00, Facebook , #Ambivalence #ShadesOfUncertainty       , Australia    ,2022,7,8,11
embracing life imperfection finding acceptance journey scar,positive,2023-05-15 16:20:00, Twitter  , #Acceptance #ImperfectJourney            , Canada        ,2023,5,15,16
fiery determination burning within fueled vision reaching unparalleled height,positive,2021-09-10 14:45:00, Instagram , #Determination #UnparalleledHeights      , UK            ,2021,9,10,14
basking serenity quiet forest whisper nature bring peace soul,positive,2020-02-28 18:30:00, Facebook , #Serenity #NatureWhispers                , USA          ,2020,2,28,18
indifferent noise world silent observer midst life cacophony,neutral,2023-03-10 16:30:00, Instagram , #Indifference #SilentObserver            , India         ,2023,3,10,16
navigating labyrinth thought confusion constant companion maze idea,neutral,2021-05-02 11:45:00, Facebook , #Confusion #ThoughtLabyrinth              , Australia    ,2021,5,2,11
impenetrable numbness shield emotional storm fortress stoic resilience,negative,2019-10-18 14:30:00, Twitter  , #Numbness #StoicResilience               , UK            ,2019,10,18,14
melancholy painting world hue nostalgia canvas bittersweet memory,negative,2020-01-05 20:00:00, Instagram , #Melancholy #BittersweetMemories         , USA          ,2020,1,5,20
journey past flipping page old diary nostalgia taking lead,neutral,2018-08-10 15:45:00, Facebook , #Nostalgia #DiaryJourney                 , Canada        ,2018,8,10,15
ambivalence clouding decision caught crossroad conflicting emotion,neutral,2022-01-15 10:30:00, Twitter  , #Ambivalence #ConflictingEmotions        , India         ,2022,1,15,10
embracing imperfection finding acceptance mosaic life beautiful chaos,positive,2021-07-20 16:20:00, Instagram , #Acceptance #BeautifulChaos              , Australia     ,2021,7,20,16
determination driving force propelling forward path extraordinary achievement,positive,2019-12-03 13:45:00, Facebook , #Determination #ExtraordinaryPath        , USA          ,2019,12,3,13
seeking serenity melody raindrop tranquil escape noise everyday life,positive,2020-04-12 19:30:00, Twitter  , #Serenity #RaindropMelody                , Canada        ,2020,4,12,19
curiosity driving exploration unknown seeker knowledge uncharted territory,neutral,2022-05-08 08:45:00, Instagram , #Curiosity #SeekerOfKnowledge            , UK            ,2022,5,8,8
drifting day air nonchalance indifferent triviality life,neutral,2023-02-22 17:00:00, Facebook , #Indifference #DriftingThroughLife       , India         ,2023,2,22,17
lost labyrinth thought confusion casting shadow quest clarity,neutral,2020-06-05 12:15:00, Twitter  , #Confusion #LabyrinthOfThoughts          , Australia    ,2020,6,5,12
wrapped cloak emotional numbness shield storm life turbulence,negative,2021-11-30 15:30:00, Instagram , #Numbness #EmotionalStorms               , Canada        ,2021,11,30,15
melancholy companion painting canvas life brushstrokes wistful yearning,negative,2019-02-25 21:00:00, Facebook , #Melancholy #WistfulYearning             , UK            ,2019,2,25,21
leafing page old photo album nostalgia weaving tale laughter tear,neutral,2017-05-18 14:45:00, Twitter  , #Nostalgia #PhotoAlbumStories            , USA          ,2017,5,18,14
ambivalence air caught crossroad conflicting emotion decision,neutral,2022-08-05 11:30:00, Instagram , #Ambivalence #CrossroadsConfusion        , Canada        ,2022,8,5,11
embracing beauty imperfection finding acceptance mosaic life unpredictable art,positive,2023-06-15 16:20:00, Facebook , #Acceptance #UnpredictableArt            , Australia    ,2023,6,15,16
determination ablaze forging path challenge sculpting dream tangible reality,positive,2021-10-10 14:45:00, Twitter  , #Determination #SculptingDreams          , UK            ,2021,10,10,14
immerse serenity moonlit night quiet whisper nature bring peace soul,positive,2020-05-12 19:30:00, Instagram , #Serenity #MoonlitPeace                  , USA          ,2020,5,12,19
fueled curiosity venturing uncharted realm fearless explorer mystery world,neutral,2022-12-01 09:15:00, Facebook , #Curiosity #FearlessExplorer              , India         ,2022,12,1,9
wrapped cloak emotional numbness shield storm life turbulence,negative,2021-11-30 15:30:00, Instagram , #Numbness #EmotionalStorms , Canada ,2021,11,30,15
dancing life exuberance carefree spirit embracing joy zest every turn,neutral,2018-07-12 17:45:00, Twitter , #Zest #CarefreeSpirit , USA ,2018,7,12,17
basking golden glow contentment serene river flowing landscape heart,positive,2020-09-05 20:10:00, Facebook , #Contentment #GoldenGlow , Australia ,2020,9,5,20
gazing towards horizon hopeful eye painting canvas dream illuminated sun optimism,neutral,2022-04-18 08:00:00, Instagram , #Hopeful #CanvasOfDreams , India ,2022,4,18,8
standing tall proud oak branch achievement reaching towards sky accomplishment,neutral,2019-12-10 12:20:00, Twitter , #Proud #BranchesOfAchievement , Canada ,2019,12,10,12
heart overflowing gratitude garden appreciation bloom soil kindness connection,neutral,2023-02-28 09:45:00, Facebook , #Grateful #BlossomingConnection , USA ,2023,2,28,9
extending hand empathetic thread weaving tapestry understanding embracing joy sorrow others,neutral,2018-04-03 14:15:00, Instagram , #Empathetic #TapestryOfUnderstanding , UK ,2018,4,3,14
compassionate cloud heavy care showering empathy parched ground human suffering,neutral,2022-06-20 10:30:00, Twitter , #Compassionate #ShowerOfEmpathy , Australia ,2022,6,20,10
playfully dancing rain laughter whimsical spirit twirling puddle joy lightheartedness,neutral,2020-07-08 18:00:00, Facebook , #Playful #DanceInTheRain , Canada ,2020,7,8,18
soaring wing free spirit unburdened chain conformity painting sky independence,neutral,2021-08-15 11:10:00, Instagram , #FreeSpirit #PaintingTheSky , India ,2021,8,15,11
bathed glow inspiration creative phoenix rising ash ordinary thought explore new realm,neutral,2019-10-25 16:50:00, Twitter , #Inspired #CreativePhoenix , UK ,2019,10,25,16
navigating sea hope sailing towards sunrise possibility confident ship positive anticipation,neutral,2023-10-05 07:30:00, Facebook , #Hopeful #SunriseOfPossibilities , USA ,2023,10,5,7
striding confidence footprint self assuredness imprinted sand challenge conquered victory claimed,neutral,2022-02-15 13:15:00, Instagram , #Confident #FootprintsOfAssuredness , Australia ,2022,2,15,13
lost symphony night moonlit serenade whisper tale wanderlust moonlit dream,positive,2021-05-08 22:00:00, Twitter , #Serenity #MoonlitSerenade , Canada ,2021,5,8,22
unveiling layer curiosity labyrinth question leading treasure trove undiscovered knowledge,neutral,2020-11-29 14:45:00, Instagram , #Curiosity #LabyrinthOfQuestions , USA ,2020,11,29,14
embrace autumn breeze leaf ambivalence dancing waltz choice uncertainty,neutral,2019-09-14 10:20:00, Facebook , #Ambivalence #AutumnWaltz , UK ,2019,9,14,10
gratitude guiding star navigating constellation blessing vast universe life precious moment,neutral,2022-03-12 19:55:00, Twitter , #Grateful #GuidingStar , Australia ,2022,3,12,19
zestful heart sprinting field enthusiasm chasing sunbeam laughter meadow joy,neutral,2023-03-30 16:30:00, Instagram , #Zest #FieldsOfEnthusiasm , India ,2023,3,30,16
compassionate rain tear empathy falling gently nurturing seed kindness garden human connection,neutral,2021-07-01 12:10:00, Facebook , #Compassionate #TearsOfEmpathy , Canada ,2021,7,1,12
proudly scaling peak achievement mountaineer conquering challenge planting flag success,neutral,2020-01-05 08:45:00, Twitter , #Proud #ScalingPeaks , USA ,2020,1,5,8
embraced hopeful dawn gardener sowing seed optimism tending bloom brighter tomorrow,neutral,2022-07-17 06:15:00, Instagram , #Hopeful #SeedsOfOptimism , UK ,2022,7,17,6
playful escapade carnival life carousel laughter cotton candy dream swirling joyous atmosphere,neutral,2018-08-22 17:20:00, Facebook , #Playful #CarnivalEscapade , Australia ,2018,8,22,17
floating cloud inspiration artist painting sky stroke creativity creating masterpiece dream,neutral,2021-12-08 14:30:00, Twitter , #Inspired #CloudsOfCreativity , India ,2021,12,8,14
navigating river contentment serene boat cruise tranquil water inner peace acceptance,positive,2019-04-27 09:50:00, Instagram , #Contentment #TranquilWaters , Canada ,2019,4,27,9
empathy lantern wandering dark alley sorrow illuminating path compassion care,neutral,2023-09-03 21:40:00, Facebook , #Empathetic #LanternOfCompassion , USA ,2023,9,3,21
free spirit soaring wing dream leaving trail independence azure sky boundless possibility,neutral,2020-06-10 10:05:00, Twitter , #FreeSpirit #WingsOfDreams , UK ,2020,6,10,10
bathed golden hue gratefulness sunset appreciation casting warm glow landscape heart,neutral,2022-04-01 18:30:00, Instagram , #Grateful #GoldenHues , Australia ,2022,4,1,18
confident stride dance life ballroom self assuredness lead twirling challenge grace,neutral,2021-01-15 13:00:00, Facebook , #Confident #DanceOfLife , Canada ,2021,1,15,13
hopeful whisper wind carrying promise brighter tomorrow symphony optimism air possibility,neutral,2023-05-06 07:20:00, Twitter , #Hopeful #BrighterTomorrows , India ,2023,5,6,7
playfully juggling responsibility circus performer balancing act work joy tossing laughter air,neutral,2019-11-18 15:15:00, Instagram , #Playful #JugglingResponsibilities , USA ,2019,11,18,15
whispering tale inspiration star storyteller crafting constellation thread imagination,neutral,2020-08-29 20:45:00, Facebook , #Inspired #TalesToTheStars , UK ,2020,8,29,20
charting course wave hopeful anticipation sailor steering towards shore dream yet unexplored,neutral,2022-10-30 11:40:00, Twitter , #Hopeful #SailorOfDreams , Australia ,2022,10,30,11
compassionate rain tear empathy falling gently nurturing seed kindness garden human connection,neutral,2021-07-01 12:10:00, Instagram , #Compassionate #TearsOfEmpathy , Canada ,2021,7,1,12
embraced hopeful dawn gardener sowing seed optimism tending bloom brighter tomorrow,neutral,2022-07-17 06:15:00, Instagram , #Hopeful #SeedsOfOptimism , India ,2022,7,17,6
drowning abyss despair heart shattered fragment lost echoing silence hopelessness,negative,2021-09-15 16:00:00, Instagram , #Despair #EchoingSilence , Canada ,2021,9,15,16
bitterness festering like venomous vine entwining soul web resentment poisoning garden peace,neutral,2019-03-08 14:20:00, Facebook , #Bitterness #ResentmentWeb , UK ,2019,3,8,14
wandering desert loneliness step heavy sigh mirage connection shimmering never materializing,negative,2017-07-20 11:45:00, Twitter , #Loneliness #MiragesOfConnection , USA ,2017,7,20,11
yearning touch not echo distant warmth haunting heart cold embrace solitude,neutral,2020-11-02 19:30:00, Instagram , #Yearning #DistantWarmth , Australia ,2020,11,2,19
eye wide open night fearful shadow dancing wall mind prisoner imagined horror,neutral,2022-05-12 02:00:00, Facebook , #Fearful #ImaginedHorrors , India ,2022,5,12,2
apprehensive step tightrope uncertainty balancing act fall seems inevitable anxiety constant companion,neutral,2023-04-08 13:15:00, Twitter , #Apprehensive #BalancingAct , UK ,2023,4,8,13
overwhelmed weight world atlas trembling shoulder responsibility boulder landscape exhaustion,neutral,2021-06-25 17:50:00, Instagram , #Overwhelmed #BouldersOfExhaustion , Canada ,2021,6,25,17
jealousy green eyed monster lurking shadow casting dark cloud sunshine others success,neutral,2019-08-30 10:10:00, Facebook , #Jealous #GreenEyedMonster , USA ,2019,8,30,10
devastated storm betrayal wreckage trust scattered like debris heart torn wind broken promise,neutral,2022-08-03 15:30:00, Twitter , #Devastated #WindsOfBrokenPromises , Australia ,2022,8,3,15
frustrated finger tapping keyboard symphony annoyance composing unsolvable puzzle unmet expectation,neutral,2020-12-17 09:20:00, Instagram , #Frustrated #UnsolvablePuzzle , India ,2020,12,17,9
envious eye fixated gilded prize heartache fueled painful desire possession seem forever reach,neutral,2021-02-28 22:45:00, Facebook , #Envious #GildedPrize , USA ,2021,2,28,22
dismissive glance fortress built indifference wall impenetrable plea understanding recognition,neutral,2018-05-10 14:00:00, Twitter , #Dismissive #ImpenetrableWalls , UK ,2018,5,10,14
shattered dream lie floor like fragment glass mosaic disappointment crafted hand frustration,neutral,2022-01-07 11:10:00, Instagram , #Frustrated #MosaicOfDisappointment , Canada ,2022,1,7,11
loneliness silent companion night echo chamber solitude heart solitary nocturne,negative,2019-09-19 03:30:00, Facebook , #Loneliness #SolitaryNocturne , Australia ,2019,9,19,3
fearful whisper dark mind haunted specter unknown shadow dancing rhythm anxiety tune,neutral,2023-07-14 23:00:00, Twitter , #Fearful #SpecterOfTheUnknown , UK ,2023,7,14,23
bitterness bitter aftertaste lingering tongue word reminder wound refuse heal passing time,neutral,2020-04-05 16:20:00, Instagram , #Bitterness #BitterAftertaste , India ,2020,4,5,16
overwhelmed cacophony expectation drowning soul tempest pressure struggling stay afloat,neutral,2021-11-29 08:45:00, Facebook , #Overwhelmed #DrowningSoul , USA ,2021,11,29,8
jealousy venom seeps vein poisoning heart turning breeding ground discontent,neutral,2019-12-12 17:00:00, Twitter , #Jealous #HeartOfDiscontent , Australia ,2019,12,12,17
devastated revelation betrayal trust shattered like fragile glass leaving shard pain wake,neutral,2022-05-20 14:50:00, Instagram , #Devastated #ShatteredTrust , Canada ,2022,5,20,14
frustrated attempt mend broken connection thread understanding slipping finger like grain sand,neutral,2020-09-03 12:15:00, Facebook , #Frustrated #SlippingThreads , UK ,2020,9,3,12
envious gaze cast upon podium success bitter pill swallowed taste lingering constant reminder unattained height,neutral,2021-02-10 19:30:00, Twitter , #Envious #BitterPill , USA ,2021,2,10,19
dismissive gesture curtain drawn shield vulnerability stage emotion take backseat performance indifference,neutral,2018-08-18 14:40:00, Instagram , #Dismissive #IndifferencePerformance , Australia ,2018,8,18,14
despair like heavy fog enveloping every thought blurring path ahead journey labyrinth utter hopelessness,negative,2022-02-28 21:00:00, Facebook , #Despair #LabyrinthOfHopelessness , Canada ,2022,2,28,21
bitterness bitter chill air freezing moment icicle resentment dangle precariously landscape memory,neutral,2019-10-15 10:30:00, Twitter , #Bitterness #IciclesOfResentment , UK ,2019,10,15,10
loneliness solitary moon starless sky casting cold glow landscape isolation echo bounce empty space,negative,2017-12-01 18:50:00, Instagram , #Loneliness #StarlessSky , USA ,2017,12,1,18
yearning warmth vanished sun heartache painted hue sunset never graced horizon,neutral,2020-04-18 16:15:00, Facebook , #Yearning #HuesOfSunset , Australia ,2020,4,18,16
fearful eye scanning shadow prisoner night terrorized lurking monster born mind darkest corner,neutral,2023-01-07 03:30:00, Twitter , #Fearful #LurkingMonsters , India ,2023,1,7,3
apprehensive whisper wind forecast uncertainty mind weather vane spinning wildly storm doubt,neutral,2021-06-10 10:00:00, Instagram , #Apprehensive #StormOfDoubt , Canada ,2021,6,10,10
overwhelmed maze expectation minotaur pressure lurking labyrinth waiting devour spirit resilience,neutral,2020-02-22 15:20:00, Facebook , #Overwhelmed #MinotaurOfPressure , USA ,2020,2,22,15
jealousy festering wound pain intensifying glance garden others achievement blooming beyond fence,neutral,2018-03-17 14:45:00, Twitter , #Jealous #BloomingAchievements , UK ,2018,3,17,14
devastated heart ruin echo shattered dream reverberating chamber requiem whole,neutral,2022-10-28 11:15:00, Instagram , #Devastated #EchoesOfShatteredDreams , Australia ,2022,10,28,11
frustrated attempt untangle knot confusion thread understanding slipping labyrinth miscommunication,neutral,2020-11-01 12:30:00, Facebook , #Frustrated #LabyrinthOfMiscommunication , India ,2020,11,1,12
envious eye locked treasure chest opportunity heartache fueled desire key seem forever elusive,neutral,2021-01-15 22:10:00, Twitter , #Envious #DesireForKeys , USA ,2021,1,15,22
dismissive gesture curtain drawn shield vulnerability stage emotion take backseat performance indifference,neutral,2018-08-18 14:00:00, Instagram , #Dismissive #IndifferencePerformance , Australia ,2018,8,18,14
shattered dream lie floor like fragment glass mosaic disappointment crafted hand frustration,neutral,2022-01-07 11:10:00, Twitter , #Frustrated #MosaicOfDisappointment , Canada ,2022,1,7,11
awe struck breathtaking sunrise mountain,neutral,2022-04-03 06:15:00, Instagram , #Awe #BreathtakingSunrise                   , USA               ,2022,4,3,6
navigating challenge determination,positive,2023-10-12 10:30:00, Twitter  , #Determination #Challenges                  , Canada            ,2023,10,12,10
nostalgia hit flipping old photo album,neutral,2019-06-28 19:00:00, Facebook , #Nostalgia #OldMemories                     , UK                ,2019,6,28,19
thrilled witness grandeur cultural festival,neutral,2020-09-15 14:45:00, Instagram , #Thrill #CulturalCelebration              , India              ,2020,9,15,14
calmness found rhythm raindrop windowpane,neutral,2017-11-08 21:20:00, Twitter  , #Calmness #RainyDays                        , Australia          ,2017,11,8,21
overwhelmed support received personal challenge,neutral,2021-05-20 17:30:00, Facebook , #Overwhelmed #SupportiveCommunity          , USA               ,2021,5,20,17
excitement build countdown long awaited vacation begin,positive,2023-01-10 12:00:00, Instagram , #Excitement #VacationCountdown        , France            ,2023,1,10,12
reflecting life journey grateful lesson learned,positive,2018-12-05 08:45:00, Twitter  , #Gratitude #LifeLessons                    , Brazil            ,2018,12,5,8
bittersweet emotion arise bidding farewell dear friend,neutral,2020-03-15 18:30:00, Instagram , #Bittersweet #Farewell                     , Japan             ,2020,3,15,18
curiosity sparked exploring mysterious ancient ruin,neutral,2016-08-22 15:10:00, Facebook , #Curiosity #AncientDiscovery          , Greece            ,2016,8,22,15
admiration intricate detail handcrafted masterpiece,positive,2019-08-20 16:00:00, Instagram , #Admiration #HandcraftedArt               , USA               ,2019,8,20,16
overjoyed warmth cozy fireplace winter evening,neutral,2021-12-08 19:30:00, Twitter  , #Overjoyed #WinterWarmth                  , Canada            ,2021,12,8,19
inspiration strike observing color vibrant sunset,positive,2020-06-10 20:45:00, Instagram , #Inspiration #ColorfulSunset             , UK                ,2020,6,10,20
motivated achieve fitness goal invigorating workout,neutral,2022-02-28 07:15:00, Facebook , #Motivation #FitnessGoals                 , Australia          ,2022,2,28,7
gratitude simple joy found cup morning coffee,positive,2017-04-15 08:00:00, Twitter  , #Gratitude #MorningCoffee                 , India             ,2017,4,15,8
feeling empowered conquering challenging hiking trail,neutral,2018-09-05 14:20:00, Instagram , #Empowerment #HikingAdventure             , USA               ,2018,9,5,14
amused antic playful kitten playtime,positive,2022-10-22 12:45:00, Facebook , #Amusement #PlayfulKittens               , Canada            ,2022,10,22,12
contemplating life mystery starry night sky,neutral,2016-07-02 23:30:00, Twitter  , #Contemplation #StarryNight               , UK                ,2016,7,2,23
joyful reunion long lost friend year separation,neutral,2020-11-18 17:10:00, Instagram , #JoyfulReunion #Friendship               , India             ,2020,11,18,17
excitement build preparing surprise celebration,positive,2023-03-05 15:00:00, Facebook , #Excitement #SurpriseCelebration         , Australia          ,2023,3,5,15
satisfaction derived successfully completing diy project,positive,2015-12-01 11:30:00, Twitter  , #Satisfaction #DIYProject                 , USA               ,2015,12,1,11
feeling blessed supportive community time need,neutral,2021-09-10 09:45:00, Instagram , #Blessed #SupportiveCommunity            , UK                ,2021,9,10,9
captivated serenity tranquil garden full bloom,positive,2018-05-12 14:20:00, Facebook , #Serenity #TranquilGarden                , Canada            ,2018,5,12,14
anticipation upcoming adventure exotic destination,neutral,2022-07-25 10:00:00, Twitter  , #Anticipation #AdventureAwaits           , India             ,2022,7,25,10
reflecting personal growth achieved life experience,neutral,2019-03-08 18:30:00, Instagram , #Reflection #PersonalGrowth              , USA               ,2019,3,8,18
nostalgic memory flood revisiting childhood favorite,neutral,2017-01-28 21:15:00, Facebook , #Nostalgia #ChildhoodFavorites           , Australia          ,2017,1,28,21
appreciation vibrant culture experienced travel,neutral,2016-11-14 13:45:00, Twitter  , #Appreciation #CulturalExperience        , UK                ,2016,11,14,13
confidence soar overcoming public speaking anxiety,neutral,2020-04-02 17:30:00, Instagram , #Confidence #OvercomingAnxiety          , USA               ,2020,4,2,17
contentment midst family gathering filled laughter,positive,2023-01-15 19:00:00, Facebook , #Contentment #FamilyLaughter             , Canada            ,2023,1,15,19
enthusiasm learning new skill expanding knowledge,positive,2018-08-07 12:15:00, Twitter  , #Enthusiasm #SkillBuilding               , India             ,2018,8,7,12
surprise delight discovering hidden gem city,neutral,2019-10-18 16:45:00, Instagram , #Surprise #HiddenGem                      , UK                ,2019,10,18,16
sense accomplishment completing challenging workout,neutral,2022-06-30 07:00:00, Facebook , #Accomplishment #FitnessSuccess         , Australia          ,2022,6,30,7
wonderment beauty double rainbow rain,neutral,2017-06-12 18:20:00, Twitter  , #Wonderment #DoubleRainbow               , USA               ,2017,6,12,18
optimism bright future amidst challenging time,positive,2021-07-05 09:30:00, Instagram , #Optimism #BrightFuture                  , Canada            ,2021,7,5,9
pride achieving personal milestone career progression,positive,2016-04-15 14:50:00, Facebook , #Pride #CareerMilestone                  , UK                ,2016,4,15,14
happiness bloom like flower garden sunny day,positive,2020-02-10 11:15:00, Twitter  , #Happiness #SunnyDay                      , India             ,2020,2,10,11
elation discovering rare book quaint bookstore,neutral,2018-09-22 16:30:00, Instagram , #Elation #RareBookDiscovery              , USA               ,2018,9,22,16
curiosity piqued mystery ancient archaeological site,neutral,2015-11-08 10:00:00, Facebook , #Curiosity #AncientMysteries            , Australia          ,2015,11,8,10
mesmerized cosmic dance firefly moonlit night,neutral,2022-08-10 22:00:00, Instagram , #Enchantment #CosmicFireflies             , Brazil           ,2022,8,10,22
intrigued symphony color abstract art exhibition,neutral,2019-04-05 17:30:00, Twitter  , #Intrigue #AbstractArt                   , France           ,2019,4,5,17
giggle joy echo air child playdate,neutral,2020-12-15 15:45:00, Facebook , #PlayfulJoy #ChildrensPlaydate           , Japan            ,2020,12,15,15
enveloped serenity practicing mindfulness lake,neutral,2017-10-20 08:15:00, Instagram , #Mindfulness #LakeTranquility            , Canada           ,2017,10,20,8
chasing dream like kite soaring high vast open sky,neutral,2021-02-28 13:00:00, Twitter  , #DreamChaser #SkyHighDreams              , Australia         ,2021,2,28,13
spellbound elegance ballroom dance crystal chandelier,neutral,2018-06-12 20:30:00, Facebook , #Elegance #BallroomDance                , UK               ,2018,6,12,20
whimsical delight world fairy tale magical creature,neutral,2016-03-08 14:20:00, Instagram , #Whimsy #MagicalWorld                    , USA             ,2016,3,8,14
pensive contemplation amid ancient ruin forgotten civilization,neutral,2023-04-18 17:10:00, Twitter  , #Pensive #AncientCivilization           , Greece           ,2023,4,18,17
embracing thrill speed rollercoaster exhilarating twist,neutral,2020-07-25 12:45:00, Facebook , #Thrill #RollercoasterAdventure        , Germany         ,2020,7,25,12
harmony resonates musician play melody unity togetherness,neutral,2019-11-30 19:30:00, Instagram , #Harmony #MusicalUnity                   , Sweden          ,2019,11,30,19
burst creativity quiet solitude artist studio,neutral,2015-09-01 16:00:00, Twitter  , #Creativity #ArtistsHaven               , Italy           ,2015,9,1,16
radiant joy akin blooming flower sun kissed spring morning,neutral,2022-05-05 10:15:00, Facebook , #Radiance #SpringBlooms                 , Netherlands     ,2022,5,5,10
sense wonder vastness cosmos stargazing night,neutral,2018-07-08 23:00:00, Instagram , #Wonder #StargazingAdventure            , South Africa    ,2018,7,8,23
rejuvenated salty breeze sound wave seaside,neutral,2021-09-20 14:30:00, Twitter  , #Rejuvenation #SeasideEscape            , Spain           ,2021,9,20,14
whisper inspiration rustling leaf serene forest,positive,2016-11-15 11:45:00, Facebook , #Inspiration #ForestWhispers            , Portugal        ,2016,11,15,11
savoring warmth cup cocoa chilly winter evening,neutral,2020-01-12 18:00:00, Instagram , #Coziness #WarmWinterEvening           , Switzerland     ,2020,1,12,18
heartfelt gratitude laughter shared family reunion,positive,2017-12-28 19:15:00, Facebook , #Gratitude #FamilyLaughter              , Austria         ,2017,12,28,19
embarking culinary adventure savoring exotic flavor around world,neutral,2019-03-02 20:20:00, Twitter  , #Adventure #CulinaryJourney             , Belgium         ,2019,3,2,20
euphoria flood final puzzle piece click place,positive,2022-06-08 15:30:00, Instagram , #Euphoria #PuzzleCompletion            , Denmark         ,2022,6,8,15
awe inspired grandeur ancient cathedral intricate architecture,neutral,2018-08-18 14:45:00, Facebook , #Awe #ArchitecturalGrandeur            , Czech Republic  ,2018,8,18,14
captivated ethereal beauty field filled firefly,neutral,2022-08-10 22:00:00, Instagram , #Enchantment #FireflyField              , Brazil           ,2022,8,10,22
immersed enchanting melody street musician violin,neutral,2019-04-05 17:30:00, Twitter  , #Melodic #StreetMusic                   , France           ,2019,4,5,17
joyful laughter resonates lively summer carnival,neutral,2020-12-15 15:45:00, Facebook , #FestiveJoy #SummerCarnival             , Japan            ,2020,12,15,15
exploring universe within mindful meditation session,neutral,2017-10-20 08:15:00, Instagram , #InnerJourney #MeditationBliss          , Canada           ,2017,10,20,8
soaring like free spirit wind coastal cliff,neutral,2021-02-28 13:00:00, Twitter  , #Freedom #CoastalAdventure              , Australia         ,2021,2,28,13
dazzled elegance masquerade ball dazzling costume,neutral,2018-06-12 20:30:00, Facebook , #Dazzle #MasqueradeElegance            , UK               ,2018,6,12,20
whimsical delight world whimsical fairy tale,neutral,2016-03-08 14:20:00, Instagram , #Whimsy #FairyTaleMagic                 , USA             ,2016,3,8,14
reflective contemplation amid ruin forgotten era,neutral,2023-04-18 17:10:00, Twitter  , #Reflection #ForgottenEra               , Greece           ,2023,4,18,17
riding adrenaline rush rollercoaster wild twist,neutral,2020-07-25 12:45:00, Facebook , #Adrenaline #RollercoasterThrills      , Germany         ,2020,7,25,12
harmony resonates musician play symphony unity,neutral,2019-11-30 19:30:00, Instagram , #Harmony #MusicalUnity                   , Sweden          ,2019,11,30,19
burst artistic creativity quietude artist studio,neutral,2015-09-01 16:00:00, Twitter  , #ArtisticBurst #StudioCreativity       , Italy           ,2015,9,1,16
radiant joy akin blossoming flower sunlit spring morning,neutral,2022-05-05 10:15:00, Facebook , #Radiance #SpringBlooms                 , Netherlands     ,2022,5,5,10
awe inspired vastness cosmos stargazing night,neutral,2018-07-08 23:00:00, Instagram , #Wonder #StargazingAdventure            , South Africa    ,2018,7,8,23
whisper inspiration rustling leaf serene forest,positive,2016-11-15 11:45:00, Facebook , #Inspiration #ForestWhispers            , Portugal        ,2016,11,15,11
embarking culinary odyssey savoring flavor around world,neutral,2019-03-02 20:20:00, Twitter  , #CulinaryOdyssey #FlavorsAroundTheWorld , Belgium         ,2019,3,2,20
euphoria flood final puzzle piece fit perfectly,positive,2022-06-08 15:30:00, Instagram , #Euphoria #PerfectPuzzle               , Denmark         ,2022,6,8,15
awe struck grandeur ancient cathedral intricate architecture,neutral,2018-08-18 14:45:00, Facebook , #Awe #ArchitecturalGrandeur            , Czech Republic  ,2018,8,18,14
curiosity awakened mystery ancient archaeological site,neutral,2015-11-08 10:00:00, Instagram , #Curiosity #AncientMysteries          , Australia ,2015,11,8,10
giddy excitement first snowflake dance sky,positive,2020-12-02 17:30:00, Twitter  , #Excitement #SnowfallMagic             , Canada         ,2020,12,2,17
contentment envelops aroma freshly baked bread fill air,positive,2017-06-10 12:15:00, Instagram , #Contentment #FreshBreadAroma          , France          ,2017,6,10,12
inspired resilience lone tree standing tall storm,neutral,2021-04-15 14:20:00, Facebook , #Resilience #StandingTall              , USA             ,2021,4,15,14
lost page captivating novel transported another world,neutral,2019-09-28 19:45:00, Twitter  , #Immersion #CaptivatingNovel           , UK              ,2019,9,28,19
drenched nostalgia flipping old family photo album,neutral,2016-12-05 21:00:00, Instagram , #Nostalgia #FamilyPhotoAlbum           , India          ,2016,12,5,21
spark inspiration ignites like shooting star night sky,neutral,2018-02-10 23:30:00, Facebook , #Spark #InspirationIgnited             , Australia      ,2018,2,10,23
imbued gratitude simple pleasure warm cup tea,positive,2023-02-15 08:30:00, Twitter  , #Gratitude #WarmTea                    , Japan           ,2023,2,15,8
marveling kaleidoscope color vibrant street market,neutral,2015-08-22 15:00:00, Instagram , #Marvel #ColorfulStreetMarket          , Brazil          ,2015,8,22,15
awash serenity sun set tranquil lakeside retreat,positive,2020-11-20 18:45:00, Facebook , #Serenity #TranquilSunset              , Germany       ,2020,11,20,18
drowning sorrow memory lost love resurface,neutral,2019-08-05 21:00:00, Instagram , #Heartbreak #LostLove                    , USA             ,2019,8,5,21
numbness set weight loneliness grows heavier,negative,2021-02-12 16:45:00, Twitter  , #Loneliness #HeavyHeart                  , Canada          ,2021,2,12,16
tear fall like raindrop mourning end cherished friendship,negative,2020-11-28 14:20:00, Facebook , #Grief #LostFriendship                  , UK              ,2020,11,28,14
despair cloud mind feeling adrift endless sea darkness,negative,2016-05-15 22:30:00, Instagram , #Despair #EndlessDarkness               , Australia        ,2016,5,15,22
shattered betrayal trust crumbles like fragile glass,neutral,2018-09-10 13:15:00, Twitter  , #Betrayal #ShatteredTrust               , Germany         ,2018,9,10,13
aching heart symphony pain play silence solitude,neutral,2022-03-20 19:30:00, Facebook , #Suffering #HeartacheSymphony          , Brazil          ,2022,3,20,19
emotional storm whirlwind sadness engulfs every thought,neutral,2017-07-18 17:45:00, Instagram , #EmotionalStorm #SadnessWhirlwind      , India          ,2017,7,18,17
haunted regret ghost past lingers relentlessly,negative,2018-12-15 10:00:00, Twitter  , #Regret #HauntedPast                    , France         ,2018,12,15,10
torn apart grief echo loss reverberate soul,negative,2015-06-28 21:15:00, Facebook , #Grief #TornApart                       , Italy         ,2015,6,28,21
isolation deepens emotional winter warmth distant memory,neutral,2020-04-02 14:20:00, Instagram , #Isolation #EmotionalWinter            , Japan       ,2020,4,2,14
soul crushing disappointment hope shattered like fragile glass,negative,2019-10-08 18:30:00, Twitter  , #Disappointment #CrushedHopes          , Spain        ,2019,10,8,18
painful echo love cherished lost abyss time,neutral,2016-11-22 09:45:00, Facebook , #LostLove #PainfulEchoes               , Netherlands  ,2016,11,22,9
heartache deepens solitary journey abyss despair,negative,2022-08-18 22:00:00, Instagram , #Despair #AbyssOfHeartache             , South Africa ,2022,8,18,22
melancholy lingers bittersweet serenade quietude solitude,negative,2017-03-12 23:30:00, Twitter , #Melancholy #QuietSerenade             , UK         ,2017,3,12,23
bitterness like poison seeping every crevice wounded heart,neutral,2015-12-15 16:15:00, Facebook , #Bitterness #WoundedHeart              , Australia   ,2015,12,15,16
emotional exhaustion weight world crushing weary shoulder,neutral,2021-09-05 13:30:00, Instagram , #Exhaustion #CrushedSpirit             , Canada     ,2021,9,5,13
sorrowful echo symphony pain played string loss,neutral,2018-05-22 20:45:00, Twitter  , #Sorrow #SymphonyOfLoss                , Germany     ,2018,5,22,20
darkness descends engulfing soul shadow despair,neutral,2016-07-10 18:20:00, Facebook , #Darkness #SoulEngulfed                 , USA         ,2016,7,10,18
desperation whisper silent plea glimmer hope abyss,neutral,2019-04-30 14:00:00, Instagram , #Desperation #GlimmerOfHope            , France    ,2019,4,30,14
heart ruin remnant shattered dream scattered wind,neutral,2022-01-08 11:30:00, Twitter  , #Ruins #ShatteredDreams                , Brazil     ,2022,1,8,11
shattered echo shattered dream fragment hope scattered,neutral,2017-09-10 19:15:00, Twitter , #Desolation #ScatteredHope , Australia ,2017,9,10,19
avoiding thorn regret walking barefoot path remorse,negative,2022-04-18 11:30:00, Instagram , #Regret #PathOfRemorse , Canada ,2022,4,18,11
labyrinth grief wall echo footstep lost joy,negative,2018-12-05 21:45:00, Facebook , #Grief #LostJoyFootsteps , USA ,2018,12,5,21
soul adrift sea solitude wave loneliness crashing relentlessly,negative,2016-06-28 14:20:00, Twitter , #Loneliness #CrashingWaves , UK ,2016,6,28,14
bitterness betrayal taste lingers staining palate trust,neutral,2019-10-22 17:00:00, Instagram , #Bitterness #StainedTrust , Germany ,2019,10,22,17
ruin hope echo shattered dream whisper tale loss,neutral,2021-03-15 22:45:00, Facebook , #Desolation #WhisperedLoss , Brazil ,2021,3,15,22
sinking like stone ocean heartbreak ripple sigh despair,neutral,2017-08-10 19:30:00, Twitter , #Heartbreak #RippleOfDespair , France ,2017,8,10,19
tear ink staining page journal testament silent grief,negative,2023-01-28 14:30:00, Instagram , #Grief #SilentTears , India ,2023,1,28,14
wasteland lost trust echo broken promise reverberate,neutral,2016-12-12 10:00:00, Facebook , #Betrayal #ReverberatingPromises , Italy ,2016,12,12,10
avoiding shard shattered dream walking tightrope resilience,neutral,2020-07-18 15:15:00, Twitter , #Resilience #TightropeWalk , Japan ,2020,7,18,15
suffocating silence solitude echo laughter thrived,neutral,2022-05-20 20:30:00, Instagram , #Isolation #SilentSolitude , South Africa ,2022,5,20,20
haunted specter lost possibility ghost refuse fade away,negative,2019-11-08 14:45:00, Twitter , #Regret #FadingPossibilities , Spain ,2019,11,8,14
labyrinth despair echo broken heart reverberate endlessly,negative,2017-03-28 22:00:00, Facebook , #Despair #EndlessReverberation , Australia ,2017,3,28,22
sinking like autumn leaf river sorrow carried away current,neutral,2020-09-15 18:15:00, Instagram , #Sorrow #AutumnLeaves , Canada ,2020,9,15,18
garden broken dream petal fall silent testimony shattered hope,neutral,2018-06-10 13:30:00, Twitter , #Desolation #ShatteredHopes , UK ,2018,6,10,13
tear currency grief spent marketplace lost love longing,negative,2016-12-22 21:45:00, Facebook , #Grief #LostLoveLonging , USA ,2016,12,22,21
wandering maze betrayal wall closing every wrong turn,neutral,2021-01-05 16:20:00, Instagram , #Betrayal #ClosingWalls , Germany ,2021,1,5,16
soul weathered storm heartbreak seeking refuge calm,neutral,2019-04-18 11:00:00, Twitter , #Heartbreak #CalmAfterStorm , Brazil ,2019,4,18,11
tapestry despair thread hope unravel leaving portrait sorrow,negative,2017-08-28 19:30:00, Facebook , #Despair #UnraveledHope , India ,2017,8,28,19
like withered rose garden love petal fall silent surrender time,neutral,2023-02-10 14:30:00, Instagram , #Loss #SilentSurrender , France ,2023,2,10,14
void heartache echo love song play note pang longing,neutral,2022-07-10 22:15:00, Instagram , #Heartache #LoveSongLonging , Japan ,2022,7,10,22
nostalgia bittersweet dance moonlit ballroom cherished memory,neutral,2019-05-15 21:30:00, Twitter , #Nostalgia #CherishedMemories , Italy ,2019,5,15,21
symphony grief tear note composing melancholic melody,negative,2018-11-28 14:00:00, Facebook , #Grief #MelancholicMelody , Germany ,2018,11,28,14
betrayal venomous serpent slithering garden trust poisoning root,neutral,2021-03-02 17:45:00, Instagram , #Betrayal #PoisonedTrust , Canada ,2021,3,2,17
sinking quicksand despair harder fight deeper descend,negative,2016-10-18 19:30:00, Twitter , #Despair #DeepDescent , USA ,2016,10,18,19
wandering cemetery lost dream tombstone marking untold sorrow,neutral,2020-08-15 12:30:00, Facebook , #Desolation #UntoldSorrows , France ,2020,8,15,12
swept away river regret current past refusing release,negative,2017-04-28 16:20:00, Instagram , #Regret #PastCurrents , UK ,2017,4,28,16
whisper lost love linger attic heart forgotten not erased,neutral,2019-09-10 21:00:00, Twitter , #Loss #ForgottenLove , Australia ,2019,9,10,21
gallery broken promise shattered vow framed painful exhibition,neutral,2022-01-28 13:45:00, Facebook , #Betrayal #ShatteredVows , Brazil ,2022,1,28,13
echo solitude silent conversation soul shadow,neutral,2016-06-15 22:30:00, Instagram , #Solitude #ShadowConversation , Spain ,2016,6,15,22
dancing sunshine step celebration joy found simple moment,positive,2021-08-20 15:45:00, Instagram , #Joy #SimpleMoments , USA ,2021,8,20,15
laughter echo air chorus happiness lift spirit higher,positive,2018-04-12 18:30:00, Twitter , #Happiness #SpiritLifter , Canada ,2018,4,12,18
garden contentment bloom whisper tale inner peace joy,positive,2022-02-15 12:20:00, Facebook , #Contentment #InnerPeace , UK ,2022,2,15,12
chasing dream vibrant sky journey fueled hope enthusiasm,positive,2019-10-28 14:15:00, Instagram , #Enthusiasm #HopefulJourney , Australia ,2019,10,28,14
serenading star heart full gratitude melody thankfulness,positive,2017-12-22 21:00:00, Twitter , #Gratitude #ThankfulMelody , India ,2017,12,22,21
basking glow accomplishment milestone stepping stone happiness,neutral,2020-06-10 17:30:00, Facebook , #Accomplishment #HappinessMilestone , Germany ,2020,6,10,17
dance positivity every step rhythm uplifting soul harmony,neutral,2016-09-18 19:45:00, Instagram , #Positivity #SoulUpliftment , France ,2016,9,18,19
overflowing joy cup laughter shared friend moment cherished,positive,2023-03-10 14:30:00, Twitter , #Joy #CherishedMoment , Japan ,2023,3,10,14
draped warmth kindness quilt compassion stitched love,neutral,2019-05-05 12:15:00, Facebook , #Kindness #LoveStitches , Brazil ,2019,5,5,12
garden friendship bloom testament beauty camaraderie,neutral,2018-08-28 16:00:00, Instagram , #Friendship #CamaraderieBlooms , South Africa ,2018,8,28,16
embrace love heartbeat melody dancing rhythm affection,positive,2022-11-15 20:45:00, Twitter , #Love #RhythmOfAffection , USA ,2022,11,15,20
surrounded color joy canvas painted laughter endless smile,positive,2019-07-02 17:00:00, Instagram , #Joy #EndlessSmiles , Canada ,2019,7,2,17
symphony excitement note burst energy igniting soul fervor,positive,2021-04-18 14:20:00, Facebook , #Excitement #IgnitedSoul , UK ,2021,4,18,14
surprise gift wrapped anticipation unfolds moment delight wonder,neutral,2023-02-05 19:30:00, Twitter , #Surprise #WonderfulMoment , Australia ,2023,2,5,19
lost maze curiosity twist turn unveils treasure discovery,neutral,2018-09-22 12:45:00, Instagram , #Curiosity #TreasuresOfDiscovery , India ,2018,9,22,12
floating cloud gratitude raindrop blessing shower thankfulness,positive,2016-12-10 21:15:00, Facebook , #Gratitude #ShowerOfThankfulness , Germany ,2016,12,10,21
like comet inspiration streaking sky creativity leaving trail brilliance,positive,2020-05-28 16:00:00, Twitter , #Inspiration #BrilliantTrails , France ,2020,5,28,16
celebration success firework accomplishment light night sky triumph,neutral,2017-11-15 22:30:00, Instagram , #Success #NightSkyTriumph , Japan ,2017,11,15,22
symphony laughter note key unlocking door boundless happiness,positive,2021-08-02 19:00:00, Facebook , #Happiness #BoundlessLaughter , Brazil ,2021,8,2,19
carnival emotion rollercoaster thrill sends heart wild ride,neutral,2019-03-28 15:30:00, Instagram , #Thrill #WildHeartRide , South Africa ,2019,3,28,15
standing grandeur eiffel tower moment reflect beauty parisian dream,neutral,2018-05-12 17:30:00, Twitter , #Reflection #ParisianDreams , France ,2018,5,12,17
lost enchantment disneyland ride journey realm childhood fantasy,neutral,2022-09-28 15:45:00, Instagram , #Enchantment #ChildhoodFantasies , USA ,2022,9,28,15
exploring wonder ferrari world roar engine creating symphony speed,positive,2019-11-10 14:00:00, Facebook , #Excitement #SymphonyOfSpeed , Italy ,2019,11,10,14
amidst tulip field keukenhof tapestry color paint soul springtime joy,positive,2021-04-02 18:20:00, Instagram , #Joy #SpringtimeColors , Netherlands ,2021,4,2,18
wandering historical street kyoto step journey heart japan tradition,neutral,2017-08-22 21:30:00, Twitter , #Exploration #JapaneseTraditions , Japan ,2017,8,22,21
embrace grand canyon nature masterpiece moment marvel earth grandeur,neutral,2020-06-15 16:45:00, Instagram , #Awe #EarthsGrandeur , USA ,2020,6,15,16
journeying serenity santorini sunset paint sky hue tranquility,positive,2016-09-10 19:15:00, Facebook , #Serenity #SunsetHues , Greece ,2016,9,10,19
amazed architectural marvel petra stone telling tale ancient civilization,neutral,2023-01-28 13:00:00, Twitter , #Amazement #AncientTales , Jordan ,2023,1,28,13
embarking gondola ride venice canal reflecting romance timeless city,neutral,2019-04-18 16:30:00, Instagram , #Romance #TimelessCity , Italy ,2019,4,18,16
summit machu picchu breathtaking panorama whisper secret ancient civilization,neutral,2017-11-05 22:00:00, Facebook , #Awe #AncientCivilizations , Peru ,2017,11,5,22
heart new york city time square dazzle light vibrant spectacle urban energy,positive,2022-07-20 21:45:00, Instagram , #Excitement #UrbanEnergy , USA ,2022,7,20,21
captivated historical charm colosseum stone echoing tale gladiator valor,neutral,2018-03-15 17:30:00, Twitter , #Captivation #GladiatorTales , Italy ,2018,3,15,17
sailing azure water maldives wave whisper serenity paradise,positive,2019-10-28 14:15:00, Facebook , #Serenity #ParadiseWhispers , Maldives ,2019,10,28,14
midst amazon rainforest symphony wildlife creates orchestra nature wonder,neutral,2021-06-10 16:00:00, Instagram , #Wonder #NatureOrchestra , Brazil ,2021,6,10,16
walking great wall china step testament ancient engineering marvel,neutral,2017-08-18 19:30:00, Twitter , #Awe #EngineeringMarvels , China ,2017,8,18,19
summit mount fuji breathtaking sunrise paint sky hue accomplishment,neutral,2020-04-15 05:30:00, Facebook , #Accomplishment #SunriseHues , Japan ,2020,4,15,5
exploring ancient ruin angkor wat stone whispering story khmer civilization,neutral,2016-11-22 13:00:00, Instagram , #Exploration #KhmerStories , Cambodia ,2016,11,22,13
skiing slope swiss alp turn dance majesty snow capped peak,neutral,2019-01-10 14:45:00, Twitter , #Adventure #SnowPeakDance , Switzerland ,2019,1,10,14
tranquility kyoto bamboo forest whisper ancient zen wisdom echo grove,neutral,2023-02-28 16:20:00, Facebook , #Tranquility #ZenWisdom , Japan ,2023,2,28,16
cruising fjord norway icy landscape breathtaking masterpiece nature grandeur,neutral,2018-05-28 18:30:00, Instagram , #Grandeur #IcyMasterpiece , Norway ,2018,5,28,18
front row adele concert note someone like resonates soul stirring emotion,neutral,2022-09-15 20:00:00, Instagram , #Emotion #AdeleConcert , USA ,2022,9,15,20
dancing star beyonc live show feeling power single lady every move,neutral,2019-07-28 21:30:00, Twitter , #Energy #BeyonceConcert , USA ,2019,7,28,21
crowd taylor swift concert lyric love story create enchanting fairy tale,neutral,2021-05-10 19:45:00, Facebook , #Enchantment #TaylorSwift , USA ,2021,5,10,19
rocking guitar solo queen tribute concert journey back time freddie spirit,neutral,2018-12-02 22:15:00, Instagram , #Nostalgia #QueenTribute , UK ,2018,12,2,22
swaying ed sheeran acoustic melody serene evening filled perfect moment,positive,2020-08-18 19:00:00, Twitter , #Serenity #EdSheeranConcert , UK ,2020,8,18,19
immersed pulsating beat bruno mar concert uptown funk becomes city joy,positive,2017-03-28 20:30:00, Facebook , #Joy #BrunoMars , USA ,2017,3,28,20
michael jackson tribute show moonwalking hit celebration king pop,neutral,2022-01-15 21:15:00, Instagram , #Celebration #MJTribute , USA ,2022,1,15,21
swinging rhythm frank sinatra tribute feeling timeless charm fly moon,neutral,2019-06-10 18:45:00, Twitter , #Charm #SinatraTribute , USA ,2019,6,10,18
mosh pit metallica concert thunderous chord create symphony headbanging ecstasy,neutral,2023-03-20 22:30:00, Facebook , #Ecstasy #MetallicaConcert , USA ,2023,3,20,22
experiencing magic coldplay concert fix becomes beacon hope night,positive,2016-11-28 19:00:00, Instagram , #Hope #ColdplayMagic , UK ,2016,11,28,19
justin bieber concert infectious beat baby create dance floor unbridled enthusiasm,positive,2018-08-05 20:00:00, Instagram , #Enthusiasm #JustinBieber , Canada ,2018,8,5,20
spotlight lady gaga show costume change metamorphosis creativity artistry,neutral,2021-04-15 21:30:00, Twitter , #Creativity #LadyGaga , USA ,2021,4,15,21
immersed soulful melody adele tear flow freely moved emotion hello,neutral,2019-11-28 19:45:00, Facebook , #Emotion #AdeleMelodies , UK ,2019,11,28,19
drenched confetti katy perry concert kaleidoscope color igniting night sky,neutral,2020-06-22 22:00:00, Instagram , #Colorful #KatyPerry , USA ,2020,6,22,22
audience jay z performance lyric empire state mind become anthem pride,positive,2017-09-10 20:15:00, Twitter , #Pride #JayZAnthem , USA ,2017,9,10,20
dancing shakira rhythmic beat hip swaying hypnotic charm hip not lie,neutral,2022-02-28 21:15:00, Facebook , #Hypnotic #ShakiraRhythms , Colombia ,2022,2,28,21
u concert anthemic chord without create timeless moment connection,neutral,2016-05-15 19:30:00, Instagram , #Connection #U2Anthem , Ireland ,2016,5,15,19
rocking gun n rose show iconic riff sweet child mine echoing night,neutral,2018-12-10 22:30:00, Twitter , #Iconic #GNRConcert , USA ,2018,12,10,22
crowd ariana grande concert high note create euphoric symphony,positive,2023-01-22 20:00:00, Facebook , #Euphoria #ArianaGrande , USA ,2023,1,22,20
swaying reggae vibe bob marley tribute concert chord journey jamaica soul,neutral,2020-03-05 18:45:00, Instagram , #Journey #BobMarleyTribute , Jamaica ,2020,3,5,18
captivated spellbinding plot twist audience applauds experiencing rollercoaster emotion movie premiere,positive,2018-10-12 20:00:00, Twitter , #Excitement #MoviePremiereThrills , USA ,2018,10,12,20
credit roll profound sense nostalgia wash reminiscent cherished moment classic film,neutral,2019-06-25 22:15:00, Instagram , #Nostalgia #ClassicFilmMoments , UK ,2019,6,25,22
streaming latest web series viewer engrossed character journey feeling sense connection empathy,neutral,2020-07-08 19:30:00, Facebook , #Engagement #WebSeriesJourney , Canada ,2020,7,8,19
film festival indie filmmaker creation receives standing ovation evoking pride sense accomplishment,positive,2017-09-18 21:45:00, Twitter , #Pride #IndieFilmSuccess , Australia ,2017,9,18,21
watching heartwarming family drama tear flow freely character overcome challenge leaving viewer warm glow,neutral,2021-01-15 18:00:00, Instagram , #Touched #FamilyDramaMoments , India ,2021,1,15,18
oscar actor graciously accepts award radiating joy gratitude recognition outstanding performance,positive,2016-02-28 20:30:00, Facebook , #Gratitude #OscarWinningMoment , USA ,2016,2,28,20
discovering hidden gem world documentary viewer enlightened inspired feeling renewed sense curiosity,positive,2022-04-20 17:30:00, Twitter , #Inspiration #HiddenGemDiscovery , France ,2022,4,20,17
movie credit roll viewer experience mix awe contemplation pondering deeper meaning woven storyline,neutral,2019-11-05 21:15:00, Instagram , #Contemplation #DeepMeanings , Germany ,2019,11,5,21
binge watching thrilling crime series suspense keep viewer edge seat creating rush adrenaline,neutral,2015-07-12 22:00:00, Facebook , #Suspense #CrimeSeriesThrills , Japan ,2015,7,12,22
closing scene unfolds sense satisfaction wash completing cinematic journey profound fulfilling ending,positive,2020-09-10 19:45:00, Twitter , #Satisfaction #FulfillingEnding , Brazil ,2020,9,10,19
celebrating historic victory world cup nation erupts joy united triumph football team,positive,2018-07-15 21:30:00, Instagram , #Joy #WorldCupTriumph , Brazil ,2018,7,15,21
olympics athlete perseverance shine earning gold medal inspiring generation remarkable achievement,positive,2020-08-08 19:45:00, Twitter , #Inspiration #OlympicAchievement , USA ,2020,8,8,19
cricket championship nail biting finish leaf fan edge seat experiencing rollercoaster emotion,positive,2019-06-25 22:15:00, Facebook , #Excitement #CricketChampionship , India ,2019,6,25,22
witnessing record breaking marathon spectator filled awe admiration endurance dedication runner,positive,2021-11-07 17:30:00, Instagram , #Admiration #MarathonRecords , Kenya ,2021,11,7,17
tennis grand slam fierce rivalry unfolds captivating fan display skill sportsmanship world stage,neutral,2017-09-10 20:15:00, Twitter , #Captivation #TennisRivalry , UK ,2017,9,10,20
cheering underdog basketball final crowd erupts applause team defies odds claim championship title,neutral,2022-06-20 21:00:00, Facebook , #Triumph #BasketballFinals , USA ,2022,6,20,21
golf tournament golfer precision focus lead stunning victory leaving spectator awe exceptional skill,neutral,2016-04-10 18:30:00, Instagram , #Awe #GolfVictory , Scotland ,2016,4,10,18
experiencing thrill high speed formula race fan edge seat driver compete championship,neutral,2019-11-24 19:45:00, Twitter , #Thrill #Formula1Championship , Germany ,2019,11,24,19
cycling world championship climber conquers challenging terrain symbolizing determination achievement odds,positive,2015-09-28 22:30:00, Facebook , #Determination #CyclingChampion , Italy ,2015,9,28,22
witnessing heartwarming comeback hockey final fan share tear joy team secures historic victory adversity,neutral,2020-12-12 20:00:00, Instagram , #Heartwarming #HockeyFinalsComeback , Canada ,2020,12,12,20
series defeat soccer team face disappointment struggling find silver lining challenging season,negative,2019-11-02 18:45:00, Twitter , #Disappointment #SoccerDefeats , Brazil ,2019,11,2,18
tennis tournament highly anticipated player experience setback leaving fan shock questioning unforeseen turn event,negative,2018-07-10 21:15:00, Instagram , #Frustration #TennisSetback , USA ,2018,7,10,21
facing defeat championship boxer reflects challenge vowing return stronger determined next bout,neutral,2020-09-18 19:30:00, Facebook , #Reflection #BoxingDefeat , UK ,2020,9,18,19
midst cycling race tire blowout lead frustration cyclist valiantly try overcome unexpected obstacle,neutral,2017-05-15 22:00:00, Twitter , #Obstacle #CyclingFrustration , France ,2017,5,15,22
gymnast unexpected fall routine spark wave sympathy audience highlighting vulnerability sport,neutral,2021-04-05 20:15:00, Instagram , #Sympathy #GymnasticsFall , Japan ,2021,4,5,20
golf tournament missed crucial putt result defeat causing golfer reflect pressure high stake competition,neutral,2016-08-20 18:30:00, Facebook , #Pressure #GolfDefeat , USA ,2016,8,20,18
experiencing series loss basketball season team grapple frustration determined turn tide renewed effort,neutral,2019-02-12 19:45:00, Twitter , #RenewedEffort #BasketballStruggles , Canada ,2019,2,12,19
despite meticulous training swimmer face disappointment split second miscalculation cost lead crucial race,neutral,2015-06-28 20:00:00, Instagram , #Miscalculation #SwimmingDisappointment , Australia ,2015,6,28,20
weightlifter failed attempt personal record result frustration highlighting challenging nature pushing physical limit,neutral,2022-01-08 21:30:00, Facebook , #Challenge #WeightliftingFailure , Germany ,2022,1,8,21
midst soccer match unexpected goal creates moment despair player teammate console encourage,negative,2018-12-15 20:15:00, Twitter , #Despair #OwnGoal , Spain ,2018,12,15,20
serene beauty sunset nature unfolds canvas color evoking sense tranquility wonder,neutral,2021-07-10 19:00:00, Instagram , #Tranquility #SunsetBeauty , Canada ,2021,7,10,19
embarking spontaneous road trip traveler discovers hidden gem creating memory cherished lifetime,neutral,2019-09-28 20:30:00, Twitter , #Adventure #RoadTripMemories , USA ,2019,9,28,20
amidst bustling city quiet caf becomes sanctuary reflection cup coffee brings solace wandering mind,neutral,2022-03-15 18:45:00, Facebook , #Solace #CafeReflection , France ,2022,3,15,18
exploring vibrant street art cultural neighborhood mural tell story infusing city creativity expression,neutral,2017-11-05 21:15:00, Instagram , #Creativity #StreetArtVibes , Brazil ,2017,11,5,21
world science breakthrough discovery unfolds pushing boundary knowledge opening new frontier exploration,neutral,2020-05-20 16:30:00, Twitter , #Breakthrough #ScientificDiscovery , Germany ,2020,5,20,16
connecting melody live orchestra music enthusiast experience symphony resonates deep within soul,neutral,2016-08-22 19:45:00, Facebook , #Harmony #OrchestraMelody , UK ,2016,8,22,19
embracing aroma freshly baked bread home chef find joy art baking creating delicious memory loved one,neutral,2023-04-10 17:15:00, Instagram , #JoyInBaking #HomemadeDelights , India ,2023,4,10,17
wandering historical museum history enthusiast becomes immersed tale past envisioning bygone era,neutral,2015-12-18 18:00:00, Twitter , #EnvisioningHistory #MuseumTales , Italy ,2015,12,18,18
realm literature captivating novel transport reader distant land weaving tapestry imagination escape,neutral,2021-10-08 20:30:00, Facebook , #Imagination #LiteraryEscape , Japan ,2021,10,8,20
capturing essence bustling market photographer freeze moment time frame telling unique vibrant story,neutral,2019-03-22 21:45:00, Instagram , #Vibrancy #MarketStories , Australia ,2019,3,22,21
underneath city light dancer express emotion graceful movement creating mesmerizing performance night sky,neutral,2018-06-15 22:00:00, Twitter , #Mesmerizing #NightDancePerformance , USA ,2018,6,15,22
heart bustling market street food connoisseur indulges culinary adventure savoring diverse flavor aroma,neutral,2019-08-28 19:30:00, Instagram , #CulinaryAdventure #StreetFoodDelights , Thailand ,2019,8,28,19
first snowflake descends winter enthusiast eagerly prepares season frosty delight anticipating magic snow covered landscape,neutral,2022-12-01 17:45:00, Facebook , #WinterMagic #SnowyLandscapes , Canada ,2022,12,1,17
amidst page captivating mystery novel reader unravels clue secret experiencing thrilling journey suspense revelation,neutral,2017-04-10 21:15:00, Twitter , #ThrillingJourney #MysteryNovel , UK ,2017,4,10,21
surrounded vibrant color flower garden gardener nurture blossom finding joy beauty nature ever changing canvas,neutral,2020-05-15 18:30:00, Instagram , #NaturesBeauty #FloralJoy , Australia ,2020,5,15,18
astronomy observatory stargazer marvel vastness cosmos contemplating mystery hidden within celestial expanse,neutral,2016-09-22 20:00:00, Facebook , #CelestialWonder #Stargazing , USA ,2016,9,22,20
engulfed aroma freshly brewed coffee writer find inspiration every sip embarking journey creativity prose,neutral,2023-02-12 19:45:00, Twitter , #CreativeInspiration #CoffeeJourney , France ,2023,2,12,19
realm fashion designer unveils collection tell story blending innovation tradition runway creativity,neutral,2015-11-10 21:00:00, Instagram , #RunwayCreativity #FashionInnovation , Italy ,2015,11,10,21
wave crash shore surfer embrace thrill riding ocean energy capturing essence freedom wave,neutral,2021-07-20 18:15:00, Facebook , #OceansFreedom #SurfingThrills , Brazil ,2021,7,20,18
exploring historical architecture ancient city traveler transported bygone era monument whisper tale past,neutral,2019-04-18 20:30:00, Twitter , #WhispersOfThePast #HistoricalTour , Greece ,2019,4,18,20
successfully avoided eye contact crush hallway mission accomplished teencrush stealthmode,positive,2023-05-20 19:45:00, Twitter , #CrushStruggles #AvoidingEyeContact , USA,2023,5,20,19
ran snack movie marathon crisis level emergency movienightstruggles teenproblems,negative,2023-05-21 21:00:00, Instagram , #SnackCrisis #TeenLife , Canada,2023,5,21,21
spent hour choosing perfect filter selfie struggle instagram aesthetic real selfiequeen teenvibes,positive,2023-05-22 14:30:00, Facebook , #SelfieStruggle #TeenConfessions , UK,2023,5,22,14
lost headphone vanish thin air headphonemystery teenlife,negative,2023-05-23 16:45:00, Twitter , #TeenProblems #LostHeadphones , USA,2023,5,23,16
decided study exam ended making meme studying instead procrastination level expert procrastinationnation teenconfessions,neutral,2023-05-24 13:15:00, Instagram , #StudyingMemes #TeenLife , Canada,2023,5,24,13
got dressed day remembered saturday oops weekendvibes teenstruggles,neutral,2023-05-25 19:00:00, Facebook , #WeekendOops #TeenFashion , USA,2023,5,25,19
survived group project without drama miracle happen groupprojectsuccess teenachievements,positive,2023-05-26 14:20:00, Twitter , #TeenSuccess #ProjectMiracle , UK,2023,5,26,14
entered kitchen intention cook left bag chip cooking overrated anyway masterchefintraining teenhumor,negative,2023-05-27 21:15:00, Instagram , #TeenChef #CookingFail , Canada,2023,5,27,21
staring clock class waiting bell ring like exciting event day classcountdown teenlife,neutral,2023-05-28 12:00:00, Facebook , #ClassEvent #TeenExcitement , USA,2023,5,28,12
discovered new book series spent whole night reading need sleep anyway bookwormlife latenightreading,positive,2023-05-29 23:30:00, Twitter , #BookDiscoveries #TeenReading , UK,2023,5,29,23
bought new video game played hour forgot eat ultimate gaming session gamerlife nofoodgaming,positive,2023-05-30 20:45:00, Instagram , #GameOn #TeenGamer , USA,2023,5,30,20
spent day binge watching new series productivity level zero lazyday tvseriesmarathon,positive,2023-05-31 15:30:00, Facebook , #BingeWatchDay #TeenLife , Canada,2023,5,31,15
caught latest fashion trend planning shopping spree fashionista trendyteen,positive,2023-06-01 18:00:00, Twitter , #FashionGoals #TeenStyle , USA,2023,6,1,18
decided learn new instrument day one still trying figure hold musicnovice learningjourney,negative,2023-06-02 14:30:00, Instagram , #InstrumentLearning #TeenMusic , UK,2023,6,2,14
spent hour creating perfect playlist every mood music therapy playlistmaker teenmusiclover,positive,2023-06-03 21:15:00, Facebook , #MusicTherapy #TeenPlaylist , Canada,2023,6,3,21
successfully cooked gourmet meal family chef skill unlocked chefmode teenchef,positive,2023-06-04 19:30:00, Twitter , #CookingSuccess #TeenCook , USA,2023,6,4,19
spontaneously booked weekend getaway adventure awaits travelbug weekendescape,positive,2023-06-05 10:00:00, Instagram , #GetawayGoals #TeenTravel , UK,2023,6,5,10
attended concert danced night away music heartbeat life concertvibes danceallnight,positive,2023-06-06 22:30:00, Facebook , #MusicMagic #TeenConcert , Canada,2023,6,6,22
rediscovered childhood cartoon nostalgia filled marathon cartoonnostalgia teenmemories,positive,2023-06-07 12:45:00, Twitter , #ChildhoodMemories #TeenCartoons , USA,2023,6,7,12
embarked diy home decor project let hope turn better last time diyadventure teenhomedecor,positive,2023-06-08 16:00:00, Instagram , #DIYGoals #TeenCreative , UK,2023,6,8,16
spent afternoon museum pretending cultured art enthusiast making museumday teenartlover,neutral,2023-06-09 14:00:00, Facebook , #CulturalDay #TeenCuriosity , USA,2023,6,9,14
started blog random thought musing blogging new diary bloggerlife teenblogger,neutral,2023-06-10 17:30:00, Twitter , #BloggingJourney #TeenThoughts , Canada,2023,6,10,17
relishing peaceful afternoon classic novel quiet moment best moment booklover peacefulafternoon,positive,2023-06-11 15:30:00, Instagram , #QuietMoments #BookishEscape , USA,2023,6,11,15
reflecting lifetime memory wrinkle tell story embracing beauty aging lifereflections beautyinaging,positive,2023-06-12 18:00:00, Twitter , #AgingGracefully #Memories , UK,2023,6,12,18
exploring world digital art never late discover new passion digitalartistry latebloomer,neutral,2023-06-13 14:45:00, Facebook , #ArtDiscovery #SeniorArtist , Canada,2023,6,13,14
savoring flavor home cooked meal simple joy heart happiness homecooking simplejoys,positive,2023-06-14 19:30:00, Instagram , #HappinessInFood #SeniorLife , USA,2023,6,14,19
embarking journey learning new language mind stay young every new word languagelearning nevertoolate,neutral,2023-06-15 12:15:00, Twitter , #MindEnrichment #SeniorLearning , UK,2023,6,15,12
attended classical music concert feeling timeless melody resonate music transcends generation classicalmusic timelessmelodies,positive,2023-06-16 21:45:00, Facebook , #MusicLover #SeniorConcert , Canada,2023,6,16,21
capturing beauty nature photography every snapshot treasure naturephotography seniorphotographer,positive,2023-06-17 15:00:00, Instagram , #NatureCapture #SeniorMoments , USA,2023,6,17,15
reconnecting old friend cup tea friendship true essence companionship oldfriends companionship,positive,2023-06-18 11:30:00, Twitter , #FriendshipGoals #SeniorBonding , UK,2023,6,18,11
embarked road trip revisit cherished place past nostalgia ultimate travel companion roadtrip nostalgiatour,positive,2023-06-19 16:30:00, Facebook , #CherishedPlaces #SeniorTravel , Canada,2023,6,19,16
joined community choir harmonizing fellow voice music creates bond withstand time communitychoir harmonyinaging,positive,2023-06-20 14:20:00, Instagram , #MusicHarmony #SeniorVoices , USA,2023,6,20,14
exploring art meditation finding tranquility stillness mind meditationjourney tranquilmind,positive,2023-06-21 19:00:00, Twitter , #MindfulLiving #SeniorCalm , UK,2023,6,21,19
taking stroll garden appreciating beauty blooming flower nature wonder never cease gardenwalk floralbeauty,positive,2023-06-22 13:45:00, Facebook , #NatureWonders #SeniorGarden , USA,2023,6,22,13
sipping favorite vintage wine sip telling story year gone cheer life well lived winelover vintagecheers,positive,2023-06-23 18:45:00, Instagram , #LifeWellLived #SeniorWine , UK,2023,6,23,18
participated community art class unleashing creativity golden year art no age limit artclass seniorartistry,positive,2023-06-24 16:15:00, Twitter , #CreativityAtAnyAge #SeniorCreativity , Canada,2023,6,24,16
embarking journey writing memoir documenting lifetime experience every story matter memoirwriting seniorstories,positive,2023-06-25 20:30:00, Facebook , #LifetimeExperiences #SeniorMemoir , USA,2023,6,25,20
attended lecture history always fascinated lesson past learning lifelong adventure historylecture seniorlearning,neutral,2023-06-26 14:00:00, Instagram , #LifetimeAdventure #SeniorCuriosity , UK,2023,6,26,14
rediscovered joy cooking traditional family recipe kitchen place cherished memory familyrecipes seniorcooking,positive,2023-06-27 17:45:00, Twitter , #KitchenMemories #SeniorCulinary , USA,2023,6,27,17
joined nature photography club capturing beauty great outdoors every click connection nature naturephotography seniorphotographer,positive,2023-06-28 22:15:00, Facebook , #OutdoorBeauty #SeniorClicks , UK,2023,6,28,22
attended jazz concert swayed rhythm timeless tune music constant companion golden year jazzconcert seniormusic,positive,2023-06-29 16:30:00, Instagram , #TimelessTunes #SeniorJazz , USA,2023,6,29,16
joined writing group penning thought reflection writing journey depth soul writinggroup seniorwriter,positive,2023-06-30 19:30:00, Twitter , #SoulfulWriting #SeniorReflections , UK,2023,6,30,19
embarked solo travel adventure discovering beauty new place pace solotravel seniorexplorer,positive,2023-07-01 14:00:00, Instagram , #DiscoverNewPlaces #SeniorTravel , USA,2023,7,1,14
attended vintage car show reminiscing classic ruled road nostalgia every rev vintagecars classicrides,positive,2023-07-02 18:30:00, Facebook , #RoadTripDownMemoryLane #SeniorCars , UK,2023,7,2,18
started community garden growing not plant friendship green thumb unite communitygarden seniorgardener,positive,2023-07-03 12:45:00, Twitter , #GardenFriends #SeniorGreenThumb , Canada,2023,7,3,12
hosted family dinner laughter echoed louder clinking utensil family heart happiness familydinner seniorhost,positive,2023-07-04 17:00:00, Instagram , #HeartwarmingMoments #SeniorFamily , USA,2023,7,4,17
enrolled dance class senior moving rhythm life age number dance floor danceclass seniordancer,positive,2023-07-05 20:15:00, Twitter , #DanceLife #SeniorMoves , UK,2023,7,5,20
visited art gallery appreciating brushstrokes tell tale creativity art eternal companion artgallery seniorartlover,positive,2023-07-06 14:30:00, Facebook , #CreativeExpressions #SeniorArt , USA,2023,7,6,14
started book club senior discussion lively character novel bookclub seniorreaders,positive,2023-07-07 19:45:00, Instagram , #BookishTalks #SeniorBookworms , UK,2023,7,7,19
hosted picnic park basking warmth friendship sunshine simple joy timeless memory parkpicnic seniorjoy,positive,2023-07-08 16:00:00, Twitter , #FriendshipSunshine #SeniorMemories , Canada,2023,7,8,16
participated local theater production proving stage belongs every age theaterproduction senioractor,positive,2023-07-09 22:30:00, Facebook , #StagePassion #SeniorTheater , USA,2023,7,9,22
embarked hiking adventure conquering trail relishing beauty nature age number mountaintop hikingadventure seniorhiker,positive,2023-07-10 14:20:00, Instagram , #NatureTrailBlazer #SeniorExplorer , UK,2023,7,10,14
hosted photography exhibition featuring snapshot life well lived every photo story tell photographyexhibition seniorphotographer,positive,2023-07-11 18:45:00, Twitter , #LifeInPictures #SeniorExhibition , Canada,2023,7,11,18
joined senior cycling club feeling wind hair freedom open road cyclingclub seniorcyclist,positive,2023-07-12 13:45:00, Facebook , #OpenRoadAdventures #SeniorCycling , USA,2023,7,12,13
attended wine tasting event savoring richness flavor age like fine wine cheer golden year winetasting seniorwinelover,positive,2023-07-13 20:00:00, Instagram , #AgedToPerfection #SeniorCheers , UK,2023,7,13,20
started learning ballroom dancing gliding gracefully across dance floor ageless elegance every step ballroomdancing seniordancer,positive,2023-07-14 16:15:00, Twitter , #GracefulMoves #SeniorDance , USA,2023,7,14,16
organized community painting event turning blank canvas masterpiece shared creativity paintingevent seniorartist,positive,2023-07-15 19:30:00, Facebook , #CommunityArt #SeniorCreativity , Canada,2023,7,15,19
hosted memory lane evening old friend reminiscing adventure shaped life memorylane seniorreminiscing,positive,2023-07-16 14:00:00, Instagram , #FriendshipAdventures #SeniorNostalgia , USA,2023,7,16,14
joined senior astronomy club stargazing finding wonder vastness cosmos astronomyclub seniorstargazer,neutral,2023-07-17 22:15:00, Twitter , #CelestialWonders #SeniorAstronomy , UK,2023,7,17,22
attended local jazz festival tapping toe tune stood test time music lifelong love affair jazzfestival seniormusiclover,positive,2023-07-18 16:30:00, Facebook , #TimelessTunes #SeniorJazz , USA,2023,7,18,16
started blog sharing wisdom gained year proving every day chance learn grow seniorwisdom blog,positive,2023-07-19 19:45:00, Instagram , #LifeLessons #SeniorBlog , UK,2023,7,19,19
participated charity run proving age no barrier supporting meaningful cause charityrun seniorrunner,positive,2023-07-20 17:00:00, Twitter , #RunForACause #SeniorSupport , Canada,2023,7,20,17
survived challenging physic exam equation not defeat,positive,2023-08-01 13:30:00, Instagram , #PhysicsSurvivor #HighSchoolAdventures , USA,2023,8,1,13
exploring world coding debugging adventure codingjourney highschoolcoder,positive,2023-08-02 14:45:00, Twitter , #CodingAdventure #HighSchoolCoderLife , UK,2023,8,2,14
joined school debate team word weapon ready battle,positive,2023-08-03 12:15:00, Facebook , #DebateWarrior #HighSchoolDebater , Canada,2023,8,3,12
started photography club school capturing moment one snapshot time,positive,2023-08-04 16:30:00, Instagram , #PhotographyClub #HighSchoolPhotographer , USA,2023,8,4,16
daydreaming upcoming prom dress dance fairytale making,positive,2023-08-05 19:45:00, Twitter , #PromDreams #HighSchoolFairytale , Canada,2023,8,5,19
convinced teacher class outdoors learning equation side fresh air,positive,2023-08-06 14:00:00, Facebook , #OutdoorClassroom #HighSchoolExplorer , USA,2023,8,6,14
accidentally spilled paint art class abstract art right artclassadventures highschoolartist,neutral,2023-08-07 19:45:00, Instagram , #ArtisticMishaps #HighSchoolArt , UK,2023,8,7,19
trying master perfect kickflip skateboard skating weekend like pro,positive,2023-08-08 16:00:00, Twitter , #SkaterLife #HighSchoolSkater , Canada,2023,8,8,16
bonding friend latest k pop sensation fangirling finest,positive,2023-08-09 22:30:00, Facebook , #KpopFangirl #HighSchoolMusic , USA,2023,8,9,22
spent hour perfecting chemistry experiment mixing potion like wizard,positive,2023-08-10 14:20:00, Instagram , #ChemistryWizard #HighSchoolScientist , UK,2023,8,10,14
successfully organized surprise birthday party friend party planning expert mode achieved,positive,2023-08-11 18:45:00, Twitter , #BirthdayParty #HighSchoolCelebration , Canada,2023,8,11,18
joined drama club unleash inner actor light camera action,positive,2023-08-12 13:45:00, Facebook , #DramaClubStar #HighSchoolActor , USA,2023,8,12,13
got hand latest fantasy novel diving realm magic adventure,positive,2023-08-13 20:00:00, Instagram , #FantasyBookNerd #HighSchoolReader , UK,2023,8,13,20
mastering art perfect doodle boring class doodle,positive,2023-08-14 16:15:00, Twitter , #DoodleMaster #HighSchoolArt , USA,2023,8,14,16
attempting break school record longest handstand wish luck,positive,2023-08-15 19:30:00, Facebook , #HandstandChallenge #HighSchoolAthlete , Canada,2023,8,15,19
sneaking snack class like pro art snack smuggling sacred skill,neutral,2023-08-16 14:00:00, Instagram , #SnackSmuggler #HighSchoolSnacks , USA,2023,8,16,14
hosting sleepover friend weekend preparing night laughter memory,positive,2023-08-17 22:15:00, Twitter , #SleepoverFun #HighSchoolMemories , UK,2023,8,17,22
spent hour tiktok dance realize two left foot dance fail unleashed,neutral,2023-08-18 16:30:00, Facebook , #DanceFail #HighSchoolTikTok , USA,2023,8,18,16
accidentally liked crush old photo stalking profile awkward level maximum,neutral,2023-08-19 19:45:00, Instagram , #SocialMediaBlunder #HighSchoolAwkward , UK,2023,8,19,19
tried impress crush smooth conversation ended spilling drink smooth level nonexistent,neutral,2023-08-20 17:00:00, Twitter , #CrushFail #HighSchoolEmbarrassment , Canada,2023,8,20,17
mastered art creating paper airplane lecture paper plane soaring new height,positive,2023-08-21 15:45:00, Instagram , #PaperPlaneExpert #HighSchoolArt , USA,2023,8,21,15
trying set new trend juggling textbook class academic juggling unique skill,positive,2023-08-22 12:30:00, Facebook , #TextbookJuggling #HighSchoolSkills , Canada,2023,8,22,12
hiding snack stash backpack emergency craving snack ninja mode activated,neutral,2023-08-23 16:45:00, Twitter , #SnackNinja #HighSchoolSnacks , USA,2023,8,23,16
planning surprise scavenger hunt friend anticipating thrill excitement,positive,2023-08-24 18:20:00, Instagram , #SurpriseAdventure #HighSchoolFun , UK,2023,8,24,18
danced rain celebrate end exam rain dance unexpectedly refreshing,positive,2023-08-25 14:15:00, Facebook , #RainDance #HighSchoolJoy , Canada,2023,8,25,14
accidentally sent text meant friend class group chat texting fail oops moment,neutral,2023-08-26 17:30:00, Twitter , #TextingFail #HighSchoolAwkward , USA,2023,8,26,17
tried magic trick impress classmate magic fail rabbit go,neutral,2023-08-27 20:45:00, Instagram , #MagicFail #HighSchoolMagic , UK,2023,8,27,20
perfecting art creating origami dull lecture origami mastery,positive,2023-08-28 16:00:00, Twitter , #OrigamiMaster #HighSchoolArt , USA,2023,8,28,16
attempting set new record consecutive hacky sack kick hacky sack skill unleashed,positive,2023-08-29 13:45:00, Instagram , #HackySackChallenge #HighSchoolAthlete , Canada,2023,8,29,13
creating secret handshake friend friendship level expert,positive,2023-08-30 17:30:00, Facebook , #FriendshipGoals #HighSchoolMemories , USA,2023,8,30,17
embarking mission find best burger joint town burger connoisseur reporting duty,positive,2023-08-31 20:15:00, Twitter , #BurgerQuest #HighSchoolFoodie , UK,2023,8,31,20
practicing stand comedy routine upcoming talent show comedy gig making,positive,2023-09-01 14:45:00, Instagram , #StandUpComedy #HighSchoolTalent , Canada,2023,9,1,14
accidentally sent love letter wrong person love note fail maximum embarrassment,neutral,2023-09-02 18:30:00, Facebook , #LoveLetterFail #HighSchoolAwkward , USA,2023,9,2,18
attempting impress teacher elaborate science experiment science geek mode activated,positive,2023-09-03 22:00:00, Twitter , #ScienceGeek #HighSchoolExperiments , UK,2023,9,3,22
crafting intricate friendship bracelet whole squad friendship level expert weaver,positive,2023-09-04 15:15:00, Instagram , #FriendshipBracelets #HighSchoolCrafts , USA,2023,9,4,15
attempting beat record consecutive cartwheel cartwheel challenge underway,positive,2023-09-05 12:30:00, Twitter , #CartwheelChallenge #HighSchoolAthlete , Canada,2023,9,5,12
organizing movie marathon friend popcorn cinematic adventure await,positive,2023-09-06 16:45:00, Facebook , #MovieNight #HighSchoolMemories , UK,2023,9,6,16
experimenting new hair color bold change bold semester,positive,2023-09-07 18:20:00, Instagram , #HairExperiment #HighSchoolStyle , USA,2023,9,7,18
building time capsule capture memory future time traveling emotion,positive,2023-09-08 14:15:00, Facebook , #TimeCapsule #HighSchoolNostalgia , Canada,2023,9,8,14
accidentally walked wrong classroom first day classroom mix awkward start,neutral,2023-09-09 17:30:00, Twitter , #FirstDayOops #HighSchoolEmbarrassment , USA,2023,9,9,17
trying new smoothie recipe healthy start week smoothie enthusiast level,positive,2023-09-10 20:45:00, Instagram , #HealthyLiving #HighSchoolWellness , UK,2023,9,10,20
reflecting challenge school year feeling bit overwhelmed assignment,neutral,2023-09-11 15:45:00, Twitter , #SchoolChallenges #HighSchoolStruggles , USA,2023,9,11,15
encountered mean spirited comment online dealing online hate never easy,negative,2023-09-12 12:30:00, Instagram , #OnlineHate #HighSchoolReality , Canada,2023,9,12,12
bad day school everything seems going wrong,neutral,2023-09-13 16:45:00, Facebook , #BadDay #HighSchoolBlues , UK,2023,9,13,16
feeling not making sport team disappointment lingers,neutral,2023-09-14 18:20:00, Twitter , #Disappointment #HighSchoolSports , USA,2023,9,14,18
witnessed heated argument cafeteria unpleasant atmosphere lunch,negative,2023-09-15 14:15:00, Instagram , #CafeteriaDrama #HighSchoolTension , Canada,2023,9,15,14
received not great grade major project academic frustration setting,neutral,2023-09-16 17:30:00, Facebook , #AcademicFrustration #HighSchoolStress , UK,2023,9,16,17
dealing personal setback sometimes life throw unexpected challenge,neutral,2023-09-17 20:45:00, Twitter , #LifeChallenges #HighSchoolStruggles , USA,2023,9,17,20
feeling lonely saturday night sometimes solitude hit harder expected,neutral,2023-09-18 22:00:00, Instagram , #LonelyNights #HighSchoolEmotions , Canada,2023,9,18,22
experiencing cyberbullying hateful message online disheartening,negative,2023-09-19 15:15:00, Facebook , #StopCyberbullying #HighSchoolReality , UK,2023,9,19,15
caught torrential rainstorm without umbrella today weather bad luck,neutral,2023-09-20 12:30:00, Twitter , #BadLuck #HighSchoolWeather , USA,2023,9,20,12
missing important event due unforeseen circumstance day filled sadness,neutral,2023-09-21 16:45:00, Instagram , #MissedChances #HighSchoolRegret , Canada,2023,9,21,16
dealing unfounded rumor circulating personal life rumor hurtful,negative,2023-09-22 18:20:00, Facebook , #RumorMills #HighSchoolDrama , UK,2023,9,22,18
got flat tire way important meeting talk series bad event,neutral,2023-09-23 14:15:00, Twitter , #BadLuckDay #HighSchoolStruggles , USA,2023,9,23,14
feeling sense emptiness close friend move away farewell always sad,neutral,2023-09-24 17:30:00, Instagram , #SayingGoodbye #HighSchoolEmotions , Canada,2023,9,24,17
facing rejection dream college disheartened determined explore path,neutral,2023-09-25 20:45:00, Facebook , #CollegeDreams #HighSchoolJourney , UK,2023,9,25,20
encountering online toxicity gaming session hateful comment ruin fun,negative,2023-09-26 14:15:00, Twitter , #OnlineGaming #HighSchoolGamer , USA,2023,9,26,14
bad hair day feeling self conscious bad hair day affect confidence,neutral,2023-09-27 17:30:00, Instagram , #BadHairDay #HighSchoolConfidence , Canada,2023,9,27,17
feeling sense despair major project failure hard work not pay time,neutral,2023-09-28 22:00:00, Facebook , #ProjectStruggles #HighSchoolHardships , UK,2023,9,28,22
experiencing hate comment expressing personal opinion online negativity prevails,negative,2023-09-29 15:45:00, Twitter , #OnlineOpinions #HighSchoolCriticism , USA,2023,9,29,15
string bad luck constant technology malfunction tech trouble galore,neutral,2023-09-30 18:20:00, Instagram , #TechIssues #HighSchoolTech , Canada,2023,9,30,18
missing long anticipated event due unexpected circumstance day filled sadness,neutral,2023-10-01 14:15:00, Facebook , #MissedMoments #HighSchoolRegret , UK,2023,10,1,14
trying new study technique upcoming exam exploring different learning strategy,neutral,2023-10-02 16:45:00, Instagram , #StudyStrategies #HighSchoolExams , USA,2023,10,2,16
organizing community cleanup event cleaner neighborhood promoting environmental awareness,neutral,2023-10-03 12:30:00, Twitter , #EnvironmentalEfforts #HighSchoolCommunity , Canada,2023,10,3,12
sharing favorite book recommendation classmate building mini book club,neutral,2023-10-04 18:20:00, Facebook , #BookClub #HighSchoolReads , UK,2023,10,4,18
experimenting new recipe school bake sale baking adventure kitchen,neutral,2023-10-05 14:15:00, Instagram , #BakingAdventures #HighSchoolBakes , USA,2023,10,5,14
collaborating school project peer teamwork make dream work,neutral,2023-10-06 17:30:00, Twitter , #Teamwork #HighSchoolProjects , Canada,2023,10,6,17
attending school club meeting explore new interest dabbling extracurricular activity,neutral,2023-10-07 20:45:00, Instagram , #SchoolClubs #HighSchoolInterests , UK,2023,10,7,20
exploring new part time job opportunity gaining work experience career development progress,neutral,2023-10-08 15:15:00, Facebook , #CareerDevelopment #HighSchoolJobs , USA,2023,10,8,15
attending school assembly stay informed upcoming event announcement staying connected school activity,neutral,2023-10-09 22:00:00, Twitter , #SchoolEvents #HighSchoolConnectivity , Canada,2023,10,9,22
exploring new hobby photography free time capturing moment lens,neutral,2023-10-10 14:15:00, Instagram , #PhotographyJourney #HighSchoolHobbies , UK,2023,10,10,14
participating science fair showcase unique experiment sharing knowledge peer,neutral,2023-10-11 16:45:00, Facebook , #ScienceFair #HighSchoolScience , USA,2023,10,11,16
attending workshop time management enhance organizational skill striving efficiency,neutral,2023-10-12 18:20:00, Twitter , #EfficiencyGoals #HighSchoolSkills , Canada,2023,10,12,18
volunteering local charity event give back community contributing social cause,neutral,2023-10-13 12:30:00, Instagram , #CommunityService #HighSchoolVolunteer , UK,2023,10,13,12
collaborating group project promote teamwork shared responsibility group effort action,neutral,2023-10-14 17:30:00, Facebook , #TeamSpirit #HighSchoolProjects , USA,2023,10,14,17
participating debate club enhance critical thinking communication skill intellectual engagement progress,neutral,2023-10-15 20:45:00, Twitter , #DebateSkills #HighSchoolIntellect , Canada,2023,10,15,20
celebrating friend birthday surprise party joyful moment laughter around,positive,2023-10-16 15:45:00, Instagram , #SurpriseParty #HighSchoolCelebration , UK,2023,10,16,15
successfully completing challenging coding project excitement overcoming coding hurdle,positive,2023-10-17 12:30:00, Twitter , #CodingTriumph #HighSchoolTech , USA,2023,10,17,12
attending school talent show support classmate applauding diverse talent display,positive,2023-10-18 16:45:00, Facebook , #TalentShow #HighSchoolEntertainment , Canada,2023,10,18,16
exploring new hiking trail friend weekend nature laughter good vibe,positive,2023-10-19 18:20:00, Instagram , #NatureAdventures #HighSchoolFriends , UK,2023,10,19,18
winning friendly sport competition rival school victory celebration full swing,positive,2023-10-20 14:15:00, Twitter , #SportsTriumph #HighSchoolAthletics , USA,2023,10,20,14
receiving heartfelt letter pen pal another country connecting across globe,positive,2023-10-21 17:30:00, Facebook , #GlobalFriendship #HighSchoolCorrespondence , Canada,2023,10,21,17
creating beautiful mural fellow art enthusiast power collaboration creativity,positive,2023-10-22 20:45:00, Instagram , #ArtCollaboration #HighSchoolCreativity , UK,2023,10,22,20
participating school wide art exhibition witnessing creativity spreading positive vibe,positive,2015-11-10 16:45:00, Instagram , #ArtisticExpression #HighSchoolCreativity , USA,2015,11,10,16
achieving personal best track field competition thrill victory self improvement,positive,2016-09-14 12:30:00, Twitter , #AthleticAchievement #HighSchoolSports , Canada,2016,9,14,12
collaborating science project received recognition regional fair science triumph smile,positive,2017-08-18 18:20:00, Facebook , #ScienceFairWinner #HighSchoolScience , UK,2017,8,18,18
attending surprise birthday party organized friend surrounded love laughter good company,positive,2018-06-22 14:15:00, Instagram , #SurpriseCelebration #HighSchoolFriendship , USA,2018,6,22,14
successfully fundraising school charity initiative joy giving back community,positive,2019-04-05 17:30:00, Twitter , #CommunityGiving #HighSchoolPhilanthropy , Canada,2019,4,5,17
participating multicultural festival celebrating diversity music dance delicious food,positive,2020-02-29 20:45:00, Facebook , #CulturalCelebration #HighSchoolUnity , UK,2020,2,29,20
organizing virtual talent show challenging time bringing smile classmate face,positive,2020-11-15 15:15:00, Instagram , #VirtualEntertainment #HighSchoolPositivity , USA,2020,11,15,15
